,hour_3*0,hour_3*1
0,2.156957,8.801907
1,4.646536,9.041635
2,6.7582827,8.8634815
3,9.045263,9.225115
4,7.5127664,8.724893
5,6.9790077,7.126884
6,7.6631203,5.8909926
7,6.970697,5.0943813
8,7.319083,6.1682987
9,7.4692307,5.52065
10,6.702405,4.7547593
11,6.300998,4.3109765
12,6.192548,4.1922903
13,7.1473274,3.3669577
14,5.582686,1.9946985
15,5.614927,2.052389
16,6.121799,2.1809175
17,6.166786,1.7537413
18,5.2099276,1.647212
19,3.8220239,2.740364
20,2.8353484,5.3819804
21,1.4942985,7.7967763
22,0.8353262,7.88682
23,0.7980318,7.739354
24,2.2515078,8.393343
25,4.727704,8.1553955
26,6.924719,7.89684
27,9.677269,9.353903
28,8.821472,9.479965
29,10.358703,7.1828823
30,12.381265,6.004244
31,9.787182,5.109007
32,9.215455,6.689398
33,9.52667,5.213738
34,8.553454,4.6591516
35,8.146607,4.300268
36,8.173545,3.991805
37,7.966148,3.3004045
38,5.6275487,1.5447822
39,5.981444,1.6730595
40,6.393106,1.8684466
41,6.3712564,1.8239818
42,5.5475836,2.259239
43,4.4365063,4.252865
44,3.1879792,7.402071
45,1.1060295,10.270069
46,0.9375186,8.845582
47,0.88183355,8.990503
48,2.4743073,9.576448
49,4.8414207,8.939117
50,7.2230396,8.765089
51,9.813934,10.282496
52,10.17424,9.548702
53,13.337105,6.5685616
54,16.824215,5.172523
55,14.869192,4.2785425
56,12.848141,4.8089542
57,12.166529,4.098599
58,10.898863,3.4660418
59,9.433302,3.7084057
60,8.925817,3.7230527
61,7.7673726,4.089569
62,7.0487113,2.3117778
63,6.775768,1.5849967
64,6.05419,1.6517091
65,5.97511,1.9053044
66,5.534565,2.5141313
67,4.812791,4.61261
68,3.817369,7.555303
69,1.8726554,9.484209
70,1.8016977,9.176621
71,2.0676208,8.928341
72,3.4759288,8.908803
73,5.086019,8.536166
74,5.621907,7.070864
75,7.232276,6.6525784
76,6.8243427,7.003599
77,8.323538,5.600711
78,8.552076,4.8537755
79,7.2520704,4.8451233
80,5.953818,5.8288016
81,6.0367045,5.025704
82,5.2670984,5.3336
83,5.7524667,5.192626
84,6.398982,4.4807587
85,6.693299,3.382548
86,7.2689486,2.0720642
87,6.4017825,1.5309587
88,5.5671563,1.46836
89,5.0099463,1.6686616
90,4.320352,2.4811351
91,3.8651214,4.1193676
92,3.4163601,6.338685
93,2.0878768,8.280997
94,2.2481942,8.150971
95,2.9878602,7.8359094
96,3.790232,7.4588733
97,4.319262,6.8765726
98,4.2011805,5.250297
99,4.9985666,4.6674123
100,6.629156,5.9235034
101,7.480776,5.0515304
102,7.0683374,5.6197085
103,5.6914234,6.002929
104,4.4609766,6.4430633
105,4.1541486,5.377224
106,4.8152757,4.5352077
107,5.1878366,3.5165415
108,6.0566607,2.3541555
109,7.0995708,1.510356
110,7.016923,1.0531144
111,5.558809,0.8670893
112,4.50682,1.0192084
113,3.7217534,1.4638367
114,3.217621,2.3165135
115,2.9027946,3.8332987
116,2.2257514,6.2145205
117,1.9186299,9.278612
118,1.5181136,9.308498
119,0.8259978,9.7997055
120,1.6455035,9.908727
121,3.7605624,9.041643
122,6.3195443,8.165152
123,9.696156,9.586077
124,8.526442,10.096258
125,11.17942,7.9795275
126,8.41398,10.193698
127,8.453367,14.545496
128,8.533067,13.007188
129,8.778689,6.7901287
130,9.603607,4.021682
131,10.057773,3.9888446
132,10.39018,3.2883384
133,27.412737,2.0804791
134,20.700825,1.0190167
135,6.0550246,0.4460039
136,3.8605037,0.18402958
137,2.9508004,1.0988536
138,2.4079022,3.5921724
139,2.185138,6.7111864
140,1.2465434,9.779485
141,1.4087582,11.925972
142,1.6407766,10.825605
143,1.2872381,10.756176
144,2.815039,10.648863
145,5.2404094,9.781719
146,7.21041,9.053723
147,10.187336,10.203196
148,9.490011,10.06306
149,12.24148,7.220856
150,11.680208,7.177993
151,8.648144,6.900471
152,9.991451,8.139591
153,10.307737,6.4938464
154,9.158996,5.1701593
155,8.623584,4.5424376
156,8.596522,4.0940056
157,9.252639,3.3658898
158,7.572572,1.420332
159,6.446617,1.4641919
160,5.411592,1.697372
161,4.894212,1.7356763
162,4.1334295,2.858708
163,3.6929648,5.488756
164,2.4853134,7.987796
165,1.1789608,10.166024
166,1.3105121,9.249323
167,0.8891673,9.821254
168,2.3690383,10.300176
169,4.881467,9.657478
170,7.247053,9.3025
171,10.294207,10.699261
172,9.95598,9.839579
173,12.238509,7.2453575
174,13.65819,7.14645
175,10.641448,6.552963
176,10.576267,6.5712304
177,11.369658,5.7047415
178,9.806212,4.3222537
179,9.472571,4.1222973
180,9.22488,3.7346473
181,9.059002,3.6539698
182,9.1028595,2.367026
183,7.0884047,1.4442987
184,5.4645176,1.2526364
185,4.590001,1.3129249
186,3.88167,2.4358344
187,3.491667,4.5324817
188,2.7130215,6.885185
189,1.8645844,9.23728
190,1.5336304,8.59301
191,1.3317108,8.93451
192,3.216986,9.138279
193,5.355214,8.586584
194,6.9505653,7.8397665
195,9.724094,9.112698
196,6.860325,9.100796
197,7.4140754,7.6406283
198,7.6367683,7.4546967
199,6.9008145,6.5976906
200,6.8313375,5.0766563
201,7.333327,5.8973393
202,7.7140217,5.331771
203,9.018966,4.0485044
204,9.582832,3.2435794
205,8.896888,2.880342
206,8.628471,1.6814189
207,6.4856844,1.6037583
208,5.699435,0.78981256
209,4.8282113,0.7075205
210,3.953174,1.638339
211,3.2413154,3.5559096
212,2.5543237,5.888674
213,1.7170234,8.438292
214,1.4054966,8.07086
215,0.96509075,8.528721
216,2.9207413,8.473516
217,4.9547668,8.097612
218,6.4177575,7.481633
219,8.919488,8.344012
220,6.74715,8.324593
221,5.851767,7.559053
222,6.9581356,7.215681
223,6.365575,6.262134
224,5.975132,4.7315454
225,5.0075493,4.9576
226,5.4529133,5.391676
227,6.422331,4.8157015
228,7.0402775,4.2927413
229,7.4562016,3.1744924
230,8.463585,2.0196557
231,6.999686,1.7402773
232,5.9142957,1.3702822
233,4.944072,1.0776138
234,4.333808,1.4649906
235,3.9816198,2.700481
236,3.4102268,4.4791193
237,3.2293174,5.436783
238,2.7926846,5.9698787
239,1.9141018,6.34628
240,2.558531,5.409818
241,2.8830621,4.5861206
242,3.2803304,3.5499113
243,4.156002,3.0354507
244,4.121991,3.8988552
245,4.950732,5.2404103
246,5.9906826,6.187167
247,5.7209597,5.1084685
248,4.914604,4.401279
249,3.8329008,4.38101
250,4.4409275,4.199452
251,5.8555,3.9851613
252,6.783219,3.2574518
253,7.0319376,2.270468
254,6.9718814,1.7769575
255,5.7912,1.1969728
256,5.132872,0.98787975
257,4.703893,1.0927968
258,4.368722,1.3554273
259,4.187976,1.9217718
260,3.9218173,2.0990515
261,3.9519935,1.8412018
262,3.2798057,2.7694962
263,2.126447,3.3669915
264,1.901439,2.61634
265,2.146215,2.4053392
266,2.1681523,1.9158297
267,3.0161436,1.9150672
268,3.6419373,4.031302
269,6.224801,5.769057
270,5.378633,6.1243634
271,4.636005,5.303904
272,3.504111,4.858014
273,3.6165993,4.290657
274,5.538246,4.1378455
275,6.2561116,3.2939472
276,6.736474,2.1831317
277,7.186126,1.5948548
278,5.360823,0.86498594
279,4.556366,0.6474867
280,3.9606333,0.43140268
281,3.6988811,0.65289354
282,3.426456,1.3719769
283,2.9721248,2.82945
284,2.703134,4.53804
285,2.6184807,5.327349
286,2.2163498,6.9136906
287,2.1155248,6.974457
288,2.9846041,6.817748
289,3.856564,7.0244503
290,4.984078,6.5334888
291,7.5658665,7.5946617
292,4.8382397,7.8197536
293,6.419225,7.202754
294,6.0448656,7.4662523
295,6.467709,8.693296
296,8.365669,9.461517
297,8.607339,6.57698
298,9.00407,4.892728
299,9.094567,3.969149
300,9.234363,3.0639482
301,19.660898,2.0170884
302,9.849106,5.468839
303,9.155356,2.2792153
304,5.3662224,-0.28771067
305,4.102364,0.13345432
306,3.0865345,1.0955572
307,2.6369421,4.289612
308,2.3666651,8.288198
309,1.3018603,10.307407
310,0.98694134,8.540344
311,0.75017405,8.695319
312,2.2800798,9.620849
313,4.363147,9.887592
314,6.2592297,9.341269
315,9.126592,10.557304
316,7.656401,9.77059
317,8.539541,7.8941793
318,10.26115,8.150579
319,11.279563,7.365107
320,12.431531,7.2010756
321,10.895322,7.117231
322,9.05539,6.043128
323,8.58783,5.053456
324,8.429578,5.009727
325,8.570328,4.463426
326,5.472946,1.4032474
327,4.021789,1.0045352
328,4.9016867,0.8350253
329,5.1099963,1.3801413
330,5.24804,3.0226789
331,4.7062573,4.4078207
332,3.6738288,6.8934793
333,1.461122,9.277142
334,0.6750684,8.781747
335,1.1014242,8.070095
336,1.9405496,10.0569
337,4.247565,11.184176
338,6.8010464,11.499672
339,9.737888,11.926051
340,6.8747306,9.972094
341,6.4646983,7.9349957
342,10.839745,6.819892
343,14.183898,7.623269
344,24.137094,9.623227
345,19.909847,3.9738832
346,13.146355,1.5229812
347,10.049196,2.357759
348,10.318851,3.1978292
349,9.594695,5.085264
350,4.8965163,2.147307
351,4.477211,1.0983629
352,5.665551,0.76470995
353,5.8912272,2.2819483
354,5.266716,3.6943688
355,3.9335604,4.47382
356,2.5118566,7.0275993
357,0.03236389,9.965268
358,-0.12009859,9.287484
359,-0.15926933,8.854791
360,-0.08039665,15.359133
361,1.6837449,19.160124
362,4.667988,12.474889
363,8.823143,10.746872
364,9.133318,9.615987
365,10.967358,7.8460064
366,13.512159,6.7140675
367,17.619642,8.255676
368,21.0774,7.8878136
369,20.744812,7.42063
370,15.734895,4.6315413
371,14.206437,2.8437402
372,12.171959,3.0576403
373,9.598729,4.335933
374,8.406481,3.0324829
375,6.7511644,2.3477888
376,5.541779,1.3464932
377,4.106018,1.218133
378,3.2162333,1.8919795
379,2.957856,3.8471916
380,2.8027742,6.624245
381,1.5874238,8.006416
382,0.8525338,7.1154213
383,0.55123043,7.211215
384,1.9116664,7.915792
385,3.8661976,8.233341
386,5.401102,8.005184
387,8.103327,8.896858
388,7.6213856,9.340202
389,7.1406612,8.419097
390,8.2922325,7.7686625
391,8.390385,6.9448423
392,9.694103,7.102469
393,8.852757,6.2158446
394,8.062835,5.324327
395,8.633902,4.339847
396,8.489685,3.7488456
397,8.042883,2.883248
398,7.5781736,2.3783514
399,6.2542996,1.8524601
400,5.0985475,1.5855489
401,3.9693441,1.3740282
402,3.5182009,1.74264
403,3.407116,2.0273607
404,3.3071644,1.8460412
405,2.9549417,1.6267443
406,2.4881108,1.6815081
407,2.47376,2.4361196
408,2.5879211,2.8240492
409,2.700097,2.6053817
410,3.4291325,2.445369
411,4.0843644,2.4116724
412,5.3464565,2.9209032
413,5.0556717,3.8400674
414,4.729748,4.1803455
415,4.0440655,4.409067
416,2.9357717,4.533029
417,2.9203,3.7877684
418,3.5666616,2.9428775
419,4.3270435,2.1599958
420,5.350353,1.3912745
421,5.4540186,1.2262926
422,4.4908175,1.150692
423,4.1050787,1.397965
424,3.4966884,1.4702344
425,2.7798116,1.7293901
426,2.2516673,2.178231
427,2.3326087,3.5525665
428,2.2605746,5.10699
429,2.2808077,5.8135214
430,2.3666754,5.440959
431,1.9594901,4.7571926
432,1.4287596,2.9496303
433,2.1118946,2.9550848
434,2.7979472,3.2014697
435,3.812377,3.5741665
436,4.2965074,5.187731
437,5.7703586,6.0677047
438,5.713604,5.1347017
439,5.260019,4.5540133
440,4.2066855,4.625755
441,4.6517124,4.312784
442,5.447881,3.1716835
443,5.7118998,2.0975716
444,6.1039424,1.2163
445,7.2919116,1.305387
446,5.530546,0.8440056
447,4.7591147,0.60884714
448,3.621413,0.42724466
449,2.9139092,0.65058184
450,2.879808,2.4495556
451,2.7538674,4.7344265
452,2.3941453,7.3769364
453,1.377078,7.786956
454,1.1995893,6.8279424
455,0.71801424,7.2421775
456,1.5551229,9.09103
457,3.1851127,11.002665
458,5.1022873,9.514177
459,7.1878576,9.407178
460,6.6879916,8.163597
461,6.5044866,5.609462
462,10.010464,4.9902763
463,11.162714,4.448204
464,17.851845,4.6716347
465,15.231924,3.924837
466,10.212013,2.691714
467,8.696792,2.4976149
468,9.223948,3.1530352
469,7.536929,4.040372
470,6.4224434,1.7776957
471,4.66381,0.87862253
472,5.2141876,0.69867706
473,5.184044,1.7653923
474,5.6235943,5.799487
475,6.764803,11.457626
476,5.8366637,13.720412
477,2.4464545,13.83783
478,1.0984244,17.577219
479,2.4433954,28.384813
480,8.934056,47.97844
481,7.0483823,38.82009
482,8.414491,23.009418
483,14.396262,20.016266
484,10.400106,10.900536
485,16.044634,6.7794704
486,20.215723,6.9503026
487,29.612059,6.9918017
488,38.94403,6.645569
489,27.524332,4.497072
490,18.354021,2.4097607
491,14.47662,2.5781803
492,12.441696,3.7016242
493,8.300124,4.1083875
494,5.8865566,1.7928543
495,5.298732,1.7365174
496,5.752044,1.3338895
497,5.40249,1.3459597
498,4.881369,2.3095458
499,4.5734787,4.9088674
500,4.340163,7.7029724
501,2.9980555,8.817334
502,1.2973518,7.813235
503,1.4606376,7.3022137
504,1.9388406,8.997353
505,3.604489,9.600112
506,4.0283456,7.108426
507,5.824569,6.3113723
508,5.5902023,6.825798
509,6.2375503,6.6388173
510,9.3059435,6.856488
511,10.440971,6.3528075
512,12.878869,7.3666887
513,10.780048,4.60703
514,8.360119,4.0380516
515,7.811078,4.192631
516,7.322745,4.3888783
517,5.9675274,4.225415
518,5.5576167,3.0123358
519,5.2721243,2.4541235
520,5.9070563,1.5734224
521,5.640634,1.4859481
522,5.4391465,3.089378
523,5.9661994,10.087679
524,8.389355,20.786465
525,8.262021,26.195267
526,4.0580406,22.530779
527,5.3240004,36.324432
528,2.4326332,11.933748
529,5.61151,12.005962
530,7.811077,11.844639
531,10.474203,12.019199
532,8.168334,11.304199
533,10.424528,8.659515
534,17.463898,8.764297
535,26.437258,8.698782
536,28.369339,5.5104947
537,18.387474,3.1034865
538,12.569953,3.6548574
539,10.96833,4.1163917
540,9.384498,4.610923
541,7.43211,3.8297858
542,6.1608377,2.5262017
543,5.663795,2.2360525
544,6.480784,1.4999113
545,6.0097976,1.2363119
546,5.3539276,2.2688751
547,4.3347225,4.41147
548,3.192133,6.9745445
549,1.8177629,8.2679405
550,1.38519,7.770553
551,2.118914,8.114604
552,3.8337722,9.065994
553,4.769325,8.5233755
554,5.578116,7.31831
555,6.598777,6.913976
556,5.0991845,6.394886
557,6.051383,6.281116
558,6.169508,5.489374
559,5.644655,5.776113
560,5.311057,5.627609
561,5.8737226,5.3012853
562,6.58583,4.822384
563,7.0712376,4.2708125
564,7.284268,3.779652
565,6.500215,2.906044
566,6.353535,2.1507628
567,6.103747,2.0073812
568,5.4610214,1.5950403
569,4.257553,1.3040438
570,3.0353994,1.5190954
571,2.66549,2.2636347
572,3.0030084,2.5618796
573,3.3289316,2.7331238
574,3.1430304,2.4645238
575,2.71265,3.8398108
576,2.7143328,4.056399
577,2.6996439,3.42211
578,3.4912372,3.2461262
579,4.2949333,2.957553
580,5.4649024,2.9726896
581,5.4971857,3.105814
582,4.8486495,3.5193284
583,2.83184,5.30623
584,0.98315716,5.8324103
585,1.3745289,4.558957
586,3.315888,4.0336027
587,5.265705,3.4403522
588,6.397029,2.8172703
589,6.8941865,2.643479
590,6.4012933,2.4500394
591,6.33043,2.3770714
592,5.5796237,1.9029858
593,4.663178,2.0205996
594,3.862906,3.0250075
595,3.273862,4.4210243
596,2.8412764,5.498139
597,3.093118,6.4783263
598,3.1957412,6.2538886
599,3.1696663,6.2618127
600,3.3477318,5.7191477
601,3.5946696,5.7090793
602,3.7041824,4.607216
603,6.1548395,5.792884
604,6.076344,5.44168
605,7.7564573,5.5751686
606,6.5303807,6.0312886
607,4.5045958,8.706112
608,6.4460235,8.513065
609,6.350493,5.36132
610,6.2151055,3.9859142
611,6.352723,3.6891727
612,8.110606,3.5363028
613,9.279133,3.207347
614,6.2619295,1.6533589
615,5.793084,1.3605027
616,5.2818675,0.6018505
617,5.027628,0.862484
618,5.064231,3.7619216
619,4.7674685,7.45747
620,2.7110422,10.020498
621,1.1398516,11.827654
622,0.9029608,10.274588
623,1.2098837,11.183247
624,3.8230453,12.405131
625,6.832955,11.95175
626,10.383861,12.634046
627,12.227788,12.65007
628,13.159155,8.9730835
629,17.961102,8.145544
630,21.597717,10.7464905
631,21.973257,13.015712
632,22.099806,11.240344
633,18.96708,6.9697714
634,16.211914,4.7095957
635,14.532599,3.8581905
636,12.85196,3.7845886
637,9.82575,3.8851748
638,6.0542455,3.4108644
639,5.7238407,1.4996004
640,6.1391897,0.095770836
641,6.101467,-0.110862255
642,6.3053894,1.0632243
643,6.3301835,5.299754
644,4.3358316,8.4153385
645,1.7200089,11.01998
646,0.63599205,11.247381
647,0.4497714,11.107529
648,1.2531157,15.853516
649,4.100814,14.629721
650,8.169613,11.412938
651,11.279455,11.873695
652,9.492448,11.138453
653,11.421596,8.912912
654,17.202358,8.428078
655,18.209293,8.230492
656,20.972002,7.289898
657,20.486502,3.7933435
658,14.201385,3.0672603
659,11.40311,3.820479
660,10.420094,4.704591
661,7.598074,4.5370493
662,5.7897596,2.3998296
663,5.592128,2.139063
664,6.5635705,2.0687568
665,7.319952,2.061957
666,7.444567,3.546387
667,6.450193,5.8838077
668,4.4289026,8.019474
669,2.1603894,10.795866
670,1.4394035,9.367918
671,1.3698006,8.497654
672,2.8179526,8.1682005
673,5.1597214,7.1838136
674,7.3673987,7.1628737
675,9.76401,8.518424
676,8.686412,8.943078
677,13.190531,6.814106
678,14.719519,7.4800453
679,14.147272,8.412141
680,15.235545,9.412245
681,14.941069,6.881193
682,12.356199,5.242614
683,11.432038,4.7524414
684,11.227839,4.6062646
685,10.709198,3.9068832
686,7.85341,2.1290295
687,6.666167,2.0314236
688,6.658305,1.5609975
689,6.3344774,1.5006061
690,5.843097,2.3805218
691,4.947783,4.8015203
692,3.4443228,7.63459
693,1.5429645,10.155837
694,1.6198177,8.837702
695,1.9974504,8.797841
696,3.765737,8.618832
697,5.885265,8.016299
698,8.064022,8.02746
699,10.599187,9.486429
700,8.221851,9.255571
701,10.547091,8.313858
702,10.200737,8.208664
703,7.443779,7.808261
704,7.9034066,7.940545
705,7.736171,6.2106643
706,8.157238,5.2102385
707,9.479289,4.751815
708,9.783694,4.1848607
709,8.848459,3.2808285
710,7.6061063,2.1674094
711,6.1040864,1.6963515
712,5.0197997,1.4385405
713,4.155831,1.3467565
714,3.6812422,2.1939082
715,3.5193727,3.4301598
716,3.3773906,3.8234992
717,3.6206899,3.5248299
718,3.318627,4.348953
719,2.6083486,4.7944174
720,2.4791007,3.7327983
721,2.211236,2.369297
722,3.019176,1.8366466
723,4.156807,1.3387799
724,5.412331,1.4635649
725,6.3752112,1.4600778
726,5.279209,3.2593722
727,2.5797918,5.233699
728,0.2037983,6.375281
729,1.2968168,4.3499284
730,1.9903154,3.1942148
731,3.4577155,3.1031969
732,5.6287007,2.797535
733,6.832169,1.9947269
734,6.9154367,1.7658377
735,5.3818035,1.3933201
736,4.6133723,1.449635
737,4.0069013,1.7877436
738,3.7157636,2.8074875
739,3.4230735,4.414253
740,3.1796834,6.102141
741,2.39183,8.444133
742,2.5800552,7.7170506
743,2.977797,7.1086216
744,4.024562,6.95083
745,5.238753,6.232436
746,7.22841,6.7364593
747,8.646126,8.010153
748,7.8425727,7.278732
749,8.085879,9.2967825
750,5.1543465,11.548942
751,6.8140545,17.359833
752,8.189938,11.746484
753,8.297375,5.8079367
754,8.4697,3.8321223
755,11.709621,3.474074
756,36.97388,4.485813
757,12.737568,4.3976827
758,8.889414,1.6713219
759,5.062374,0.10344696
760,4.76906,0.445652
761,4.505211,2.2882783
762,3.9406161,5.3125725
763,2.6797342,8.872285
764,0.8005781,11.38661
765,1.3497763,9.65707
766,1.234487,9.65209
767,2.6793973,9.959741
768,5.0197334,9.115397
769,7.5946193,8.445385
770,10.17569,9.175866
771,9.023619,9.164254
772,11.33387,7.3943095
773,12.140873,7.814142
774,10.060472,8.159314
775,10.17662,8.584697
776,11.055056,6.941931
777,10.034401,4.9056187
778,9.801383,4.231986
779,9.994714,4.8844924
780,9.294575,4.4311323
781,5.7639103,1.7030034
782,5.0681257,1.2106133
783,5.0958714,1.322875
784,6.0725813,1.2557077
785,6.5904036,2.077535
786,6.3793683,4.5019164
787,5.1269674,8.002127
788,2.7968466,11.276572
789,1.171392,12.454845
790,1.2234569,10.842979
791,2.004435,11.480831
792,3.9510298,11.893921
793,6.846098,10.734328
794,10.097307,10.939344
795,10.574682,11.193148
796,9.369487,9.750244
797,13.471719,9.379978
798,11.0879545,9.424506
799,7.9899397,8.809323
800,8.430696,4.5985384
801,6.7924085,3.1735911
802,6.605894,3.8091378
803,7.6910706,4.898343
804,7.3638725,5.1090736
805,5.620012,2.670116
806,4.3469934,1.9990478
807,5.5121202,0.9949045
808,5.6553698,1.1713963
809,5.273028,2.3922908
810,4.6878586,4.489707
811,3.6331909,6.9889507
812,1.4268413,9.070453
813,1.1075463,8.153135
814,0.840085,8.330019
815,2.213799,9.221697
816,4.7328434,8.885967
817,6.6482964,7.9951096
818,9.135369,8.936453
819,7.4367447,8.918975
820,7.458657,8.146977
821,8.7436075,7.2948656
822,7.408146,7.3328385
823,6.6497693,5.9390593
824,6.526884,4.889055
825,6.8265324,5.409729
826,7.2041683,4.9000573
827,7.2118993,4.4669576
828,6.5784945,3.929366
829,5.9358916,2.6462994
830,5.1129065,0.9173765
831,5.55048,0.054588318
832,5.4862614,0.19404793
833,5.509781,1.3196917
834,4.9074144,3.7660549
835,3.7259514,6.4639335
836,1.8094585,9.284765
837,0.62903595,8.83654
838,0.98305655,8.4339695
839,1.8372955,10.555798
840,3.6147707,12.441598
841,7.113295,10.87487
842,10.07062,12.944561
843,9.239783,10.427156
844,11.882772,6.9403777
845,14.376365,6.7504144
846,11.867145,7.5119267
847,10.068758,6.291085
848,11.73492,3.1415358
849,11.4011,1.8772628
850,8.858396,2.4024637
851,6.85962,3.5500913
852,7.5676785,4.3005414
853,7.049004,3.246638
854,6.318099,1.4950094
855,6.786373,-0.09019947
856,6.824727,-0.44389677
857,5.6802187,0.30524826
858,4.6065383,3.0157597
859,4.2897267,7.041481
860,1.7576876,9.494075
861,0.8338399,9.341594
862,1.3439856,8.558941
863,1.977632,10.677073
864,3.2214398,14.277985
865,6.783077,14.732343
866,9.846247,13.716225
867,8.714811,10.902815
868,9.209242,7.971282
869,11.263767,6.650546
870,10.440431,6.7791796
871,8.947149,6.086675
872,10.612321,2.8849342
873,11.327953,1.337987
874,9.185833,1.9167564
875,7.1326985,3.2809262
876,7.272864,3.965853
877,7.0474224,3.1253767
878,6.2627544,1.3912053
879,7.299591,-0.03635645
880,6.3103747,-0.23898363
881,5.142949,1.0247355
882,4.4226627,2.8833325
883,3.5825284,5.5530043
884,2.0595145,7.5937295
885,0.95373344,7.7691956
886,1.206306,6.684342
887,2.1527417,7.416803
888,4.0759835,7.8928084
889,5.544929,7.8309927
890,7.599533,7.8229904
891,6.1340594,8.1318
892,3.856236,7.0883474
893,5.592401,5.6936603
894,6.063043,6.3739533
895,4.5813,5.723707
896,3.7549727,3.9022489
897,4.5316243,2.984432
898,5.2477875,3.2977877
899,5.7016897,3.4512146
900,6.452366,3.0286303
901,6.693763,2.1537936
902,6.1664433,1.2056789
903,6.6228223,0.2654481
904,5.7973447,0.099573135
905,4.8458576,0.8794203
906,3.9294052,2.188564
907,3.4987173,5.0025215
908,2.485918,7.3506165
909,1.0934219,8.732673
910,1.3441429,7.6955285
911,1.3511329,9.566218
912,3.3084803,11.387018
913,5.819743,10.65107
914,8.046528,9.782278
915,7.0018177,9.317876
916,4.886319,6.3114767
917,6.27365,5.138391
918,5.6685157,5.671322
919,3.520062,5.7331414
920,3.7034848,4.021305
921,5.5978184,3.681776
922,5.618636,3.887114
923,6.1020656,3.3531647
924,6.616873,2.2713857
925,7.29023,1.7622147
926,6.4396706,1.3793831
927,5.6439705,1.253243
928,4.5332284,1.1527238
929,3.7579427,1.1253543
930,3.384164,1.4502716
931,3.4144158,1.9305224
932,3.301802,1.5789695
933,3.038889,0.88441515
934,2.3283546,2.1244533
935,2.2459626,2.9434803
936,2.5423906,2.8327742
937,2.987876,2.7159622
938,3.772998,2.8103774
939,5.2428455,3.4436436
940,5.1732135,3.4962924
941,5.4297466,4.053326
942,3.6673574,4.402461
943,1.3498058,5.1627393
944,1.6154647,3.641575
945,3.0686417,2.3590744
946,4.68753,2.5091932
947,5.7123046,1.944355
948,6.4360056,0.9445181
949,6.4747715,0.59496355
950,5.400396,0.21162558
951,4.5500603,0.41602802
952,3.6712399,0.62479496
953,2.9665258,0.7225127
954,2.7471352,1.3465753
955,2.7277882,2.6664257
956,2.544111,4.1681933
957,2.4090261,4.3071575
958,0.9629884,6.8940024
959,1.3445797,6.9011664
960,2.6788623,7.2011843
961,4.0568457,8.131885
962,6.00648,7.725334
963,5.53393,7.910368
964,3.8726296,6.3749022
965,6.7667704,7.1081047
966,5.1884794,7.206172
967,3.751832,6.905015
968,6.1681724,6.8847814
969,7.6089077,6.3875685
970,7.78506,4.922836
971,7.407171,3.3645375
972,7.4792676,1.7265573
973,7.5552664,1.1493235
974,5.897284,0.7086973
975,4.6705313,0.7930174
976,3.645097,0.8192444
977,2.8294177,0.9157367
978,2.6137645,1.7713909
979,2.3056428,3.449829
980,2.1320777,4.909844
981,1.7255888,5.8519306
982,1.7770557,7.0926814
983,2.221589,7.054784
984,3.199905,6.7304144
985,3.9632006,6.442659
986,4.9629364,6.0286894
987,6.7219834,7.3829117
988,5.2709723,7.936507
989,6.2920065,7.242511
990,6.8103166,9.156569
991,7.5016036,8.829952
992,7.262783,6.161935
993,7.5205956,4.0346985
994,8.026342,2.9660573
995,10.728235,1.9931931
996,13.511564,1.8861825
997,6.483144,1.7492061
998,6.5944633,0.5045395
999,4.41863,-0.0097875595
1000,4.0043783,1.0359068
1001,3.9643507,3.692308
1002,4.497403,6.9937997
1003,4.3482685,11.00217
1004,2.1334395,13.558542
1005,-0.3008108,15.527985
1006,-0.33583832,21.606781
1007,2.3919485,29.259657
1008,3.231208,28.318281
1009,5.7712436,24.51325
1010,11.290037,21.884008
1011,15.204357,17.669075
1012,14.378265,9.898277
1013,17.440151,10.172792
1014,21.80756,11.345255
1015,26.329958,9.487267
1016,22.340456,6.9689603
1017,15.56417,4.140994
1018,13.04597,3.3645113
1019,12.103469,3.3674495
1020,8.402324,3.970752
1021,7.623857,2.2536547
1022,5.7104883,1.1765232
1023,5.611056,0.7516861
1024,4.8063765,1.179894
1025,4.1792946,2.8910406
1026,4.302309,6.2631273
1027,5.70834,12.980402
1028,5.263728,20.055595
1029,4.016608,28.218143
1030,6.0778346,42.21569
1031,7.019959,44.262375
1032,6.0988936,40.400414
1033,6.9300933,32.138245
1034,11.544892,24.891644
1035,18.497963,20.626467
1036,21.053806,8.356817
1037,22.99297,9.20681
1038,22.116737,9.961005
1039,22.787188,7.7886386
1040,25.609423,1.1248446
1041,19.830135,0.53038883
1042,14.020968,2.34936
1043,12.422582,3.2492058
1044,8.592993,3.8186774
1045,8.279127,2.6251752
1046,5.89625,1.549077
1047,5.6983833,0.9457426
1048,4.6220665,0.87507486
1049,3.902153,2.1364958
1050,4.0654283,4.6580524
1051,4.4572086,8.434734
1052,2.357642,10.564701
1053,0.46016312,14.055833
1054,-0.85561514,17.449432
1055,0.4335432,22.444323
1056,1.8552477,24.038498
1057,4.1888113,23.34928
1058,9.289108,21.731203
1059,15.590061,18.987764
1060,16.385006,9.605303
1061,15.594087,6.8300104
1062,18.663145,9.196545
1063,19.651463,9.014854
1064,20.44369,6.9631243
1065,16.693525,5.082525
1066,13.039338,3.7088122
1067,11.305744,3.5176053
1068,9.428707,2.982949
1069,9.323811,2.7526817
1070,7.4881063,2.378507
1071,5.5559373,1.8154492
1072,4.07901,1.5305352
1073,3.364662,1.7893262
1074,3.2117364,2.9530418
1075,3.0614636,3.8707395
1076,3.0125132,3.0448391
1077,2.5468054,2.6432302
1078,1.3272667,3.0036788
1079,1.1211176,2.9662719
1080,1.5354242,2.995463
1081,2.43026,2.7213445
1082,3.1152947,2.6286347
1083,4.164483,2.9858866
1084,5.805773,3.2545118
1085,5.652905,1.6938753
1086,4.7121334,3.6166146
1087,1.440444,5.781234
1088,0.123258114,5.9208117
1089,2.0492306,3.3463628
1090,3.5902708,2.955716
1091,4.9782143,2.6142247
1092,6.746154,2.132856
1093,8.037439,2.023508
1094,6.813917,2.0752554
1095,5.6793756,1.9669392
1096,4.5427384,1.8386567
1097,3.6961048,2.2183375
1098,3.2351224,2.95272
1099,3.300489,4.7719584
1100,3.094127,5.140468
1101,3.495407,4.5039463
1102,2.2566876,5.4621778
1103,0.9245715,6.9766974
1104,1.539525,5.704376
1105,1.4276209,5.10067
1106,1.3012829,2.8386736
1107,3.1476495,1.7182679
1108,1.7770743,2.6497247
1109,1.4341178,2.6803958
1110,2.3888464,11.423727
1111,11.93038,20.177588
1112,18.433432,16.168842
1113,27.41022,10.174433
1114,31.919674,4.678817
1115,39.36548,2.7540402
1116,11.606735,3.159235
1117,8.676342,3.0186787
1118,5.2480245,1.8059678
1119,5.489549,0.92405176
1120,6.2773147,0.96758413
1121,6.9900923,3.6288533
1122,7.631988,9.000411
1123,6.832869,16.636017
1124,4.8316913,20.756062
1125,3.2947993,24.68031
1126,6.4565706,40.742645
1127,9.974521,44.962784
1128,8.678481,37.86669
1129,9.912886,32.10662
1130,17.929703,27.926634
1131,27.712732,20.318787
1132,35.29802,9.106466
1133,37.125954,9.322067
1134,36.195915,7.4490986
1135,35.795433,8.042908
1136,34.80742,2.9322813
1137,25.440308,0.89220905
1138,18.108234,1.6104712
1139,14.686622,2.760065
1140,7.926794,3.5734134
1141,7.377662,2.9792995
1142,5.102478,2.0342019
1143,6.073757,0.9080787
1144,6.955032,-0.04038191
1145,9.54764,2.7578778
1146,10.546276,10.079397
1147,9.910868,20.09602
1148,8.717335,26.432209
1149,9.049395,41.309364
1150,10.755872,50.898865
1151,10.969768,41.93615
1152,8.672088,33.305065
1153,9.324507,27.788404
1154,14.338548,22.730904
1155,24.210436,18.519884
1156,32.377686,8.681063
1157,32.809475,8.599899
1158,28.891209,6.7475796
1159,29.1684,9.585163
1160,24.784695,3.7131243
1161,16.786118,1.0349746
1162,14.732582,1.6946211
1163,13.809356,2.7291493
1164,8.740822,3.2545614
1165,8.156101,3.4744413
1166,5.887007,2.2645283
1167,5.9068913,1.1528454
1168,7.7069163,-0.110982895
1169,11.587189,3.6723006
1170,11.413545,10.624538
1171,9.012618,18.865887
1172,5.844675,22.503214
1173,3.0220754,21.377316
1174,12.426567,44.9077
1175,12.386894,39.76065
1176,9.849291,32.041298
1177,12.229149,28.661695
1178,19.214249,25.24819
1179,29.629124,19.157427
1180,38.35456,8.977278
1181,37.9226,8.628052
1182,33.737,6.6705527
1183,32.459385,8.034744
1184,29.502695,4.9762897
1185,21.590742,1.8904042
1186,14.780893,2.9046814
1187,11.964958,4.149413
1188,9.347501,4.161048
1189,7.128151,3.1898196
1190,5.8193035,2.1043303
1191,6.156503,1.5934215
1192,6.098173,1.0616479
1193,6.2362885,2.6272562
1194,5.8372874,5.1447535
1195,4.384419,7.7671957
1196,2.2858953,10.753719
1197,1.3104091,10.019624
1198,1.3876524,10.1679125
1199,2.9293108,12.093569
1200,5.7791915,12.516475
1201,8.674037,12.450766
1202,11.553684,12.489542
1203,10.09984,11.494447
1204,11.792618,8.788831
1205,14.105415,8.558035
1206,12.044399,8.941417
1207,10.493584,8.08951
1208,11.68537,5.643819
1209,10.585617,3.4339523
1210,8.668605,3.8055358
1211,8.5692215,4.1347575
1212,8.382564,3.4899135
1213,8.042614,2.6822014
1214,7.1077065,2.2291105
1215,5.9456263,1.8045335
1216,4.8687134,1.5810361
1217,4.1593995,1.9477909
1218,4.028588,3.0621974
1219,3.9250221,4.0110292
1220,3.8908386,3.0754051
1221,3.940079,2.0052629
1222,3.074835,2.5529366
1223,1.9132073,2.766819
1224,2.5133803,2.2752087
1225,3.2234468,2.0161054
1226,3.761586,1.5692363
1227,4.6640987,1.2068329
1228,6.103779,1.7771764
1229,6.641107,1.4164248
1230,5.1905327,2.5254993
1231,2.4156232,4.4839964
1232,-0.22691059,6.6177106
1233,1.1661115,5.334305
1234,2.941602,4.0012755
1235,4.4151425,3.301295
1236,6.379356,2.6787357
1237,7.7434616,1.9910982
1238,7.4744177,1.8691447
1239,5.6264668,1.4919376
1240,4.2759333,1.2912264
1241,3.3940258,1.5440087
1242,3.2365744,2.9271934
1243,3.0604572,5.3152876
1244,2.3229036,7.2827396
1245,1.8310959,8.259783
1246,1.3624706,8.009053
1247,2.0402124,7.546198
1248,3.6350873,6.74236
1249,4.778167,6.160301
1250,6.464243,6.5804954
1251,8.214894,7.8989353
1252,7.4568605,6.850317
1253,8.488016,7.597582
1254,6.755891,10.59618
1255,7.7799582,15.299044
1256,8.480415,11.419496
1257,9.089058,6.6521935
1258,10.684549,4.858017
1259,15.8011,3.4908872
1260,33.737003,4.474594
1261,17.487482,3.7483542
1262,10.189035,1.1690907
1263,4.102026,-0.22765207
1264,2.9089823,0.18109989
1265,2.6606164,2.1599765
1266,2.928334,5.702686
1267,2.6579227,9.3743
1268,1.0500975,11.659825
1269,1.3363924,9.720221
1270,1.2922645,9.512615
1271,2.7422137,9.287614
1272,4.9311976,7.9808083
1273,6.5334206,7.1545067
1274,8.840162,8.017647
1275,8.437409,8.124285
1276,11.137914,6.6998134
1277,12.887225,6.980625
1278,10.68902,8.273491
1279,9.555991,10.662781
1280,10.992576,9.744451
1281,9.396164,6.432777
1282,8.914628,4.5335546
1283,9.096081,4.203512
1284,10.286808,3.729752
1285,7.355876,2.8479002
1286,7.423106,1.3539681
1287,5.6336803,0.92185926
1288,4.944797,0.62236404
1289,4.814836,1.8936903
1290,4.619093,4.4146194
1291,3.66376,7.307253
1292,1.6183224,10.176933
1293,1.1708527,8.890091
1294,1.2262354,8.68263
1295,2.7767367,8.607458
1296,5.1873097,7.6694145
1297,7.0157795,7.2469816
1298,9.24625,8.156656
1299,8.282188,8.069292
1300,11.632958,6.5213094
1301,12.690503,7.0090895
1302,8.896509,7.8321657
1303,8.897701,8.247033
1304,11.656174,8.171736
1305,10.024578,5.8807583
1306,8.566475,4.7213717
1307,8.4394455,4.728563
1308,10.216778,3.9536424
1309,7.1967273,2.946802
1310,7.1237535,1.4607983
1311,5.853823,1.1382751
1312,5.3892307,0.72130823
1313,5.3019814,2.2200775
1314,4.989332,5.226772
1315,3.483275,8.021917
1316,1.4706087,10.859538
1317,1.4386134,9.084288
1318,1.3404951,8.901493
1319,2.9933686,8.883912
1320,5.523205,8.0082855
1321,7.495155,7.6294646
1322,9.684214,8.41269
1323,8.333843,8.44519
1324,10.4495735,7.1850724
1325,11.187096,7.351486
1326,8.68595,8.350597
1327,7.7644343,8.723253
1328,10.31614,8.463956
1329,9.317496,6.1338205
1330,8.8811865,4.5890183
1331,8.8883095,4.3543415
1332,9.2664,4.4775586
1333,7.95455,3.2614796
1334,7.2963142,2.0393343
1335,5.965281,0.9878688
1336,5.4529285,0.7432184
1337,5.165331,1.9778669
1338,4.589244,4.3846455
1339,3.4975262,6.991663
1340,1.5584612,10.030041
1341,1.4942427,8.630394
1342,1.3840718,8.5343075
1343,2.8762205,8.374898
1344,5.35387,7.4968796
1345,7.3724704,7.120619
1346,9.855426,8.38374
1347,8.289379,8.619525
1348,9.011758,8.059445
1349,9.573504,8.166788
1350,7.08042,8.163901
1351,6.8495464,8.722473
1352,8.444227,7.8158703
1353,7.572504,5.72969
1354,7.6923485,4.2209063
1355,7.9797716,3.7625008
1356,8.45149,3.8545904
1357,9.111632,2.6058323
1358,7.005227,2.0098436
1359,5.4068933,1.2601333
1360,4.658006,0.89192915
1361,4.013681,1.5826473
1362,3.7843184,3.3984144
1363,3.232989,5.8670745
1364,2.337883,7.5197816
1365,1.8596287,8.287657
1366,1.564951,7.889738
1367,2.3911254,7.088592
1368,3.6060255,5.9650097
1369,4.377685,4.8542485
1370,5.954443,4.562314
1371,6.980923,5.3162045
1372,4.9399195,5.4170966
1373,5.337942,4.6982927
1374,5.4458203,5.999024
1375,3.9697819,6.048507
1376,2.9237587,5.5441604
1377,3.2468817,4.871506
1378,4.4928465,4.2638474
1379,5.3034143,3.7462716
1380,6.0357966,2.6176643
1381,6.8304615,1.7442269
1382,6.6516714,1.6368403
1383,5.6116905,1.2318082
1384,4.679904,1.0061636
1385,4.195143,1.1715908
1386,4.076176,1.5995388
1387,3.944182,1.798552
1388,3.3975003,1.30163
1389,2.9336908,1.1737313
1390,2.304385,2.6775918
1391,2.469655,2.4074807
1392,3.0272632,2.1233234
1393,3.54195,2.0338285
1394,4.2340674,1.8157811
1395,5.2214837,1.9584043
1396,5.7346745,2.8287907
1397,6.3445387,3.6117148
1398,4.660431,4.4395046
1399,2.7486258,5.2450666
1400,1.7820225,5.6373954
1401,3.496432,3.72151
1402,4.3674984,2.6453576
1403,5.2516894,1.8843184
1404,5.997992,1.214778
1405,6.548027,1.1990585
1406,5.0531607,0.60650635
1407,4.255918,0.46208906
1408,3.6527896,0.49127626
1409,3.4543276,0.8334055
1410,3.3395627,1.6075039
1411,2.938201,2.2973077
1412,2.6741416,2.6506464
1413,2.0934985,3.5787034
1414,1.7518721,4.67893
1415,2.0307264,4.642268
1416,2.3748698,3.7283823
1417,2.6827548,2.5791206
1418,4.6827006,3.364433
1419,5.972304,4.5266128
1420,4.7061415,4.5176983
1421,6.4272413,6.072995
1422,4.7372293,6.6783066
1423,3.777813,6.4391775
1424,3.270623,6.7856483
1425,6.069129,4.797318
1426,6.171743,3.1480892
1427,6.3179927,1.8719378
1428,6.539854,1.0121298
1429,5.652284,0.64188623
1430,3.9946966,0.2918043
1431,2.9243357,0.036907196
1432,2.198208,0.19313002
1433,1.7702489,0.6696644
1434,1.5139599,2.584918
1435,1.2374525,5.664915
1436,1.007402,8.503319
1437,1.2418823,9.05965
1438,0.51907396,8.974692
1439,1.5101995,8.744272
1440,3.4419053,8.281923
1441,5.240739,7.548647
1442,7.7790475,8.161402
1443,6.9446535,8.306178
1444,7.4149733,6.9569283
1445,7.7496037,6.617358
1446,6.7780867,7.153066
1447,6.2817783,7.11765
1448,7.4114504,6.8792977
1449,7.25084,5.268895
1450,6.789048,3.5180197
1451,7.064284,2.1453125
1452,13.365994,1.7032809
1453,10.126938,3.0052543
1454,6.071083,0.40176964
1455,4.5640674,-0.15318584
1456,3.4774315,0.42642784
1457,2.9044526,1.6294756
1458,2.9117072,4.9686766
1459,2.695696,8.776141
1460,1.6971345,10.716368
1461,1.3999009,8.882793
1462,1.1133127,9.307821
1463,2.2215948,10.6708765
1464,4.8061175,10.523662
1465,6.9321046,10.718813
1466,9.289188,11.556065
1467,8.842674,10.684986
1468,8.647895,9.026846
1469,9.385347,7.670163
1470,6.930457,7.322049
1471,5.991781,6.124455
1472,7.017443,5.0348625
1473,9.409733,5.4975967
1474,9.153053,5.1690855
1475,8.103383,4.6314087
1476,7.596251,4.382852
1477,6.650527,2.5689454
1478,6.2653174,1.6547036
1479,6.333997,0.8884969
1480,5.4526677,0.85934114
1481,4.421028,1.6677246
1482,3.7781618,3.481544
1483,3.6411133,6.719907
1484,2.1556551,9.0385475
1485,1.032599,8.459775
1486,0.6871028,8.838241
1487,1.4808707,12.126296
1488,3.6544273,14.102989
1489,7.171649,13.690811
1490,9.11887,13.712761
1491,9.816948,13.015179
1492,7.794252,8.515366
1493,6.2155037,3.6345112
1494,5.4052134,4.5655823
1495,5.244749,4.9489236
1496,5.1544437,2.6462226
1497,7.210136,2.8744195
1498,6.636777,3.933041
1499,5.7650704,4.34123
1500,6.085166,3.6423757
1501,7.7408547,2.5119874
1502,6.8430505,1.8842461
1503,5.960452,1.3947315
1504,4.9764585,1.3301845
1505,3.9410915,1.7435608
1506,3.4851158,2.7258313
1507,3.7596142,6.3045716
1508,2.8494096,8.267542
1509,1.3001504,8.388901
1510,0.6149163,8.130779
1511,1.6152172,9.277169
1512,4.121586,9.694555
1513,6.2039022,9.253393
1514,8.027494,8.412302
1515,6.8858213,9.596111
1516,5.719617,7.7947097
1517,6.771559,7.5483108
1518,5.4584117,6.497838
1519,3.7184925,5.243081
1520,3.9756908,4.3064456
1521,5.829902,5.0518575
1522,6.2659597,5.0962176
1523,6.59186,4.0070624
1524,6.872461,2.8227465
1525,7.3897,2.567351
1526,6.458157,1.9893298
1527,5.557343,1.5366745
1528,4.570054,1.2226152
1529,3.8934398,1.2021527
1530,3.507053,1.651207
1531,3.4317856,2.1565125
1532,3.1383333,1.5169973
1533,2.3877041,1.9870377
1534,2.0733535,2.8644526
1535,2.880478,2.5247815
1536,3.365262,2.4634082
1537,3.8550522,2.6021924
1538,4.505742,3.0220635
1539,5.6205864,4.1226387
1540,5.4884644,4.3451033
1541,5.5755305,5.056573
1542,3.933716,5.3560534
1543,2.370786,5.5803437
1544,2.2661612,4.7031345
1545,3.8522122,3.6143303
1546,4.973705,3.178774
1547,5.4725194,1.9017003
1548,5.626607,1.058342
1549,5.0886555,0.7963624
1550,4.3578615,0.56583166
1551,3.6373968,0.39878273
1552,3.1211176,0.43238735
1553,2.690716,0.6660862
1554,2.615048,1.7902479
1555,2.6622624,3.283301
1556,2.6937358,4.115663
1557,2.2240963,5.555072
1558,1.566102,6.7207875
1559,2.4153476,5.6662436
1560,3.1135144,5.144971
1561,3.7477624,4.59459
1562,4.6451683,4.285649
1563,5.8407297,5.8518333
1564,4.5206256,6.806911
1565,6.9608727,6.3943825
1566,6.642563,6.3050685
1567,5.7566786,5.943662
1568,6.521891,6.449222
1569,6.170578,5.2324057
1570,6.0335026,3.6498573
1571,6.402018,2.4291713
1572,6.91584,1.7891407
1573,5.671035,1.3374429
1574,4.6255355,0.852417
1575,3.6791463,0.47848892
1576,3.0047152,0.31597614
1577,2.6623256,0.75486755
1578,2.644155,1.9651966
1579,2.7198424,2.5593796
1580,2.6900785,2.6640778
1581,1.8048334,4.566663
1582,1.1740422,5.1375184
1583,2.0380714,3.1780703
1584,2.678682,3.3634558
1585,3.6267133,3.3264081
1586,4.4325027,2.826586
1587,4.7420874,2.8783205
1588,4.5307264,1.8468292
1589,4.4215107,3.8231478
1590,2.7403514,4.9294214
1591,1.1401129,5.7136154
1592,1.6281538,3.9876022
1593,2.5465636,2.8321066
1594,3.6316078,3.0461905
1595,4.7413893,2.75831
1596,7.009914,2.8696947
1597,7.4043274,2.3589716
1598,10.231535,1.7834625
1599,21.24282,3.0401094
1600,31.183422,5.0737686
1601,38.116104,4.886078
1602,35.795662,2.478676
1603,28.447912,0.8996372
1604,20.31725,0.28491306
1605,17.002079,0.31928825
1606,18.04264,1.0239077
1607,12.2207775,1.8189662
1608,6.4150257,1.427371
1609,5.4081244,1.6464849
1610,4.5377207,2.0540292
1611,4.1702094,2.991722
1612,4.4550295,5.545764
1613,4.8416533,9.081337
1614,3.751709,8.053667
1615,1.894494,8.830476
1616,1.0206499,9.271733
1617,2.0548108,11.841944
1618,5.36876,9.82773
1619,6.910577,9.303339
1620,9.160215,10.191376
1621,6.9152474,9.113628
1622,7.14071,7.3727374
1623,9.595563,7.6697483
1624,9.214571,7.7811584
1625,9.598196,6.3504677
1626,10.341673,5.42503
1627,9.541924,5.26161
1628,8.256086,4.6417828
1629,7.627892,4.4408293
1630,7.1317487,3.3493838
1631,7.143671,2.6186416
1632,6.2292643,1.4989958
1633,5.9224606,1.0947576
1634,5.1454754,1.6762147
1635,4.6940374,3.17745
1636,4.7777514,6.3416443
1637,5.0438614,10.959543
1638,2.3524106,12.649243
1639,0.24837303,15.276739
1640,-0.23066378,16.775612
1641,1.0720024,18.634418
1642,3.916,16.643494
1643,8.176339,14.742484
1644,11.1522875,16.191748
1645,11.56715,14.407276
1646,16.32503,8.667552
1647,19.550766,8.898691
1648,16.967262,9.520173
1649,16.16338,7.374117
1650,15.647495,4.7869534
1651,13.880619,3.5419595
1652,11.296972,4.045243
1653,9.2307415,4.505892
1654,7.7921567,4.2939634
1655,7.415105,3.040662
1656,6.5183353,2.2674158
1657,5.7412887,1.9407902
1658,4.7084055,2.1713662
1659,4.2116723,3.0639377
1660,4.1784973,4.717162
1661,4.1384363,7.7152634
1662,2.858844,9.257468
1663,0.22469234,9.902731
1664,-0.13600302,10.748657
1665,1.6443133,12.537603
1666,4.146572,13.320578
1667,7.5613065,12.463279
1668,10.161852,14.171636
1669,10.650233,14.063444
1670,11.110334,9.947284
1671,12.260239,8.0378
1672,10.764341,7.8059216
1673,9.224031,6.990899
1674,9.049321,4.929274
1675,8.380447,3.9080064
1676,7.8406453,3.8855944
1677,6.7289643,3.874916
1678,5.8817177,3.380836
1679,7.1215377,2.903415
1680,7.1475058,2.590462
1681,6.222669,2.0884678
1682,5.17096,1.917896
1683,4.4152126,1.9876575
1684,3.9128776,2.3987818
1685,3.7601829,2.394284
1686,3.2453945,1.9175658
1687,2.7452748,2.3812141
1688,1.6686816,4.127794
1689,1.7760372,3.848318
1690,2.1134064,3.982042
1691,2.3230188,3.6916082
1692,2.5385034,2.9589229
1693,3.4140317,2.39357
1694,4.2059064,0.54650736
1695,4.7441673,0.7310133
1696,4.519375,4.029234
1697,1.9760666,5.48408
1698,1.1893687,4.531556
1699,1.645894,3.0500553
1700,2.7480729,3.453589
1701,4.370439,3.2615297
1702,5.7644005,2.4469347
1703,5.9956636,2.3971286
1704,5.4210563,2.2076716
1705,4.6923237,2.3465364
1706,4.0443606,2.555358
1707,3.4650896,2.7587185
1708,3.3447738,3.7916834
1709,3.2104895,5.5992036
1710,3.6724076,4.458176
1711,2.904267,3.1826317
1712,1.7221837,4.168827
1713,1.5069318,3.329691
1714,2.1893435,3.2724364
1715,2.724886,3.2168124
1716,2.9586492,2.325303
1717,3.9407547,2.7847548
1718,4.353425,2.0646217
1719,4.591878,4.9858723
1720,3.2189112,7.3779874
1721,2.8142946,7.658142
1722,5.1080236,5.996822
1723,5.300271,4.958891
1724,4.835464,4.0598907
1725,5.586786,3.8092332
1726,7.3571944,3.2630174
1727,7.140844,2.8964245
1728,6.0671835,1.967057
1729,5.0976243,1.7154794
1730,3.9985206,2.1635785
1731,3.9706008,3.8146198
1732,4.887412,6.9475956
1733,4.675135,11.3061905
1734,2.036651,13.219864
1735,0.12271643,15.363398
1736,-0.560194,16.466877
1737,0.74124,16.766655
1738,3.3556294,15.9445915
1739,7.1287165,14.32369
1740,10.6440325,15.318312
1741,12.482767,15.047456
1742,17.088797,10.124523
1743,18.222328,9.547588
1744,16.305317,11.161955
1745,15.800614,12.085519
1746,18.023989,8.713489
1747,14.606781,4.3170652
1748,12.902046,3.9965057
1749,12.072153,4.0454674
1750,7.8100343,4.247429
1751,7.8844757,3.5722342
1752,6.326784,2.1397793
1753,5.98454,1.7412286
1754,5.4008107,1.9947574
1755,6.0488315,4.8188915
1756,7.24963,10.336123
1757,7.1935453,20.643995
1758,7.0864925,27.581596
1759,3.427011,25.755564
1760,0.38454962,19.604181
1761,1.498384,15.301665
1762,4.900568,12.510798
1763,7.3537884,10.661127
1764,9.561494,11.829781
1765,9.602755,11.427804
1766,16.133595,7.208273
1767,19.25673,8.210227
1768,17.064497,8.44987
1769,18.522583,8.734366
1770,19.350952,5.062915
1771,16.1958,2.0151424
1772,13.890567,1.9308305
1773,11.487408,3.197525
1774,8.879271,3.5277715
1775,9.234807,2.5148065
1776,6.2273617,2.0141916
1777,6.529479,1.4883056
1778,5.482941,1.4627056
1779,5.6129622,3.1523194
1780,6.0528293,6.4313154
1781,4.828165,9.424221
1782,2.6639166,10.90165
1783,0.94825363,13.361241
1784,0.20478153,13.468304
1785,1.9447906,13.887113
1786,4.9044666,13.807732
1787,8.716992,14.595352
1788,12.012733,15.22187
1789,13.054922,12.873472
1790,17.59116,8.114126
1791,19.305746,8.512335
1792,18.22453,5.579256
1793,17.794651,4.439603
1794,15.926878,1.7379766
1795,12.921114,0.7776613
1796,11.077257,1.9686446
1797,9.782444,3.010643
1798,8.456628,2.840051
1799,7.931546,3.0904045
1800,6.698294,2.6598084
1801,5.5375643,2.3945816
1802,4.541821,2.2871509
1803,4.036467,2.5473683
1804,3.5792284,3.3522506
1805,3.5376318,3.613793
1806,3.1231341,2.1387815
1807,2.4501169,2.0089207
1808,1.4506931,3.7656863
1809,1.1763849,4.1120224
1810,1.4892826,4.7046757
1811,1.607728,4.011658
1812,1.6976857,2.5524766
1813,2.8291256,1.8023009
1814,4.515233,-0.37908173
1815,5.0812483,0.78264856
1816,4.6477637,3.7419417
1817,2.8530045,6.1779222
1818,2.3559458,5.333753
1819,2.4887042,4.2628994
1820,3.9986076,4.4328938
1821,4.8302674,4.164185
1822,7.2223306,3.051671
1823,9.536864,1.7165122
1824,10.879709,1.5954218
1825,8.245204,1.7937727
1826,5.703945,2.083297
1827,4.030467,2.0904315
1828,3.067157,2.4195929
1829,2.6001241,2.9556959
1830,2.8564672,4.5500765
1831,2.9262433,3.4740946
1832,2.61226,2.4833188
1833,1.676475,3.44701
1834,1.0910516,3.6848214
1835,1.5387859,3.2343554
1836,2.1608257,2.996653
1837,3.0471108,2.7348168
1838,3.9508705,2.5461066
1839,5.1391497,1.769485
1840,4.97102,1.09413
1841,4.9217825,1.3864932
1842,3.214216,3.7256496
1843,0.27076864,6.029025
1844,0.43495893,5.3623357
1845,1.4680705,3.3990695
1846,2.8061693,3.0931067
1847,4.693734,2.740095
