,hour_ahead_3*0,hour_ahead_3*1,hour_ahead_3*2
0,35.734016,13.849328,16.619547
1,422.51843,442.53,419.28952
2,48.65107,25.676218,26.957499
3,247.40921,342.3249,329.9417
4,135.65025,180.83409,237.92355
5,41.64324,20.202158,28.905329
6,391.8186,392.97748,409.06503
7,56.320946,58.845924,92.02389
8,163.38968,119.53907,84.07429
9,33.450813,25.61941,7.031518
10,233.90456,169.31146,124.65149
11,152.94862,112.37534,87.422264
12,410.8279,441.10806,426.54163
13,120.71881,214.21512,253.61745
14,160.79756,117.89241,84.23029
15,128.07373,91.1762,79.95606
16,291.95566,268.312,240.5262
17,17.977625,14.477197,5.331292
18,357.2118,354.595,375.5481
19,67.37771,37.12081,27.832361
20,-3.54444,15.032372,255.74384
21,55.064735,128.70381,249.88625
22,186.23416,151.10196,88.58346
23,418.50662,402.5603,429.7405
24,291.98236,340.302,396.4762
25,600.1722,414.80414,242.26898
26,118.018875,248.84674,359.2435
27,246.28827,260.4424,248.7633
28,142.28194,104.777306,80.19936
29,571.81854,573.7081,440.81964
30,65.3863,106.07827,155.79994
31,434.9402,461.97977,448.89386
32,284.45905,291.87836,376.03442
33,324.7827,284.94247,284.66016
34,101.91267,68.3722,60.70156
35,98.37003,66.86472,53.70742
36,596.8444,612.82477,478.63116
37,111.969536,241.47934,338.61325
38,344.74622,392.51385,418.51544
39,117.77307,82.96163,54.128883
40,320.3395,240.74152,189.96506
41,299.113,316.06265,282.29324
42,339.8054,358.92896,397.25964
43,68.28629,40.44877,42.02311
44,400.26758,394.61145,442.96936
45,185.6478,156.47722,116.52907
46,645.2143,544.3347,342.26144
47,348.75607,337.17975,299.08914
48,25.982279,20.42248,-3.8538578
49,259.12186,264.2271,241.09227
50,54.85859,354.46915,305.52078
51,505.3162,716.3789,732.4277
52,297.77243,194.42842,128.00351
53,64.02296,118.3833,188.65997
54,342.99075,370.83423,442.49362
55,448.46814,423.11923,426.74557
56,193.85078,140.34344,109.42701
57,61.50408,473.20615,179.93925
58,11.888101,10.104913,11.35682
59,395.28995,364.29413,228.19458
60,324.5566,318.76605,296.45673
61,616.8834,483.13586,307.25885
62,52.616203,123.9026,215.65431
63,47.89782,25.634119,26.0086
64,280.7948,396.79474,297.04587
65,277.33765,259.86172,218.42686
66,390.55975,447.37885,411.3852
67,411.81995,407.7865,403.63132
68,466.6584,452.8766,450.33035
69,606.1648,449.74994,264.4882
70,286.5951,204.88484,226.2255
71,282.99185,7.4970484,30.311945
72,470.5126,135.44379,136.51921
73,631.1716,638.23157,448.87717
74,22.544382,45.278557,107.92993
75,391.82718,387.12637,387.17267
76,378.86954,403.69226,310.38602
77,160.73035,186.81314,179.20844
78,233.5548,323.38428,321.0688
79,134.333,215.35341,259.6246
80,287.37994,241.9274,202.77516
81,223.4302,250.5796,254.53268
82,265.38,220.67677,127.17327
83,237.52016,197.25928,156.31406
84,449.62558,534.7388,626.80035
85,359.25873,359.04938,441.88214
86,84.63967,61.315834,41.238274
87,55.329063,55.01777,101.49482
88,167.87183,142.2606,318.43185
89,282.41278,263.42096,337.31372
90,487.1148,467.82764,455.6949
91,218.84772,172.73965,126.97932
92,569.53046,421.3299,333.36288
93,194.09856,142.5086,114.68962
94,421.7246,437.70438,440.37823
95,40.917442,42.6941,20.405787
96,419.00128,420.2897,399.84436
97,97.83462,178.078,309.00632
98,8.707604,5.77662,15.747827
99,19.710337,12.164208,16.903086
100,380.1788,427.149,583.7233
101,202.27612,250.4944,333.2739
102,17.820185,12.054818,17.5395
103,35.060036,23.549479,11.151406
104,29.941172,31.99978,363.8322
105,230.10881,334.24557,323.02994
106,597.0612,551.07745,431.85925
107,474.35678,293.5331,256.75116
108,287.9937,248.21243,215.56035
109,113.37743,236.89551,348.60434
110,289.0838,208.63646,152.45978
111,88.224754,75.457664,55.924904
112,313.02945,302.5736,284.46213
113,163.3656,162.52345,262.46875
114,424.88464,413.18896,395.00656
115,138.69838,85.374245,74.0774
116,313.3321,313.75797,342.4752
117,299.159,223.74315,235.2622
118,10.960137,12.044549,13.86033
119,56.420998,46.17251,57.176186
120,104.14999,192.30177,259.0583
121,436.66635,433.54208,462.3172
122,106.74154,34.38633,-38.070137
123,382.5487,310.75684,478.53497
124,258.13223,236.40634,284.14163
125,495.69147,309.059,263.49603
126,271.65817,328.59686,212.0741
127,279.9959,292.58246,313.36005
128,385.79694,367.8803,439.30234
129,229.7878,241.45847,270.39304
130,691.17004,703.63306,521.8192
131,402.6198,422.4835,411.04913
132,414.5504,393.33408,416.87802
133,16.651087,-9.719581,3.867944
134,247.66258,264.14282,264.62564
135,283.32254,205.67488,134.27945
136,170.21397,227.82335,262.73892
137,488.25824,304.91537,242.20082
138,235.22144,341.0308,336.84622
139,160.41602,122.314804,103.518105
140,3.6472867,13.5384,34.353462
141,45.10775,41.758186,58.48484
142,459.09787,336.60437,265.66672
143,228.79666,169.58298,134.34659
144,219.83072,226.70018,258.1111
145,95.85514,72.66891,62.60462
146,85.17457,52.972984,42.850517
147,317.4436,297.64902,335.8715
148,303.07568,244.55672,184.961
149,28.670938,21.090143,14.277566
150,382.0591,371.90665,410.89456
151,83.92092,61.349373,49.52619
152,28.455622,24.948053,26.801447
153,37.470787,58.517967,102.646935
154,257.9948,215.5637,219.13795
155,57.799995,102.12458,180.55865
156,341.95938,364.65872,362.16742
157,257.34885,333.61548,303.40494
158,340.4841,430.92917,505.24646
159,671.0332,718.9567,573.08136
160,309.2447,287.8833,343.12445
161,271.2124,297.99454,394.47964
162,266.5157,238.59998,191.2529
163,285.06973,260.05872,243.1236
164,473.1247,316.3838,301.01828
165,216.19623,183.44287,152.21298
166,14.230203,6.001214,9.747445
167,421.86673,378.34845,393.07553
168,517.4855,343.51443,266.03268
169,346.27124,391.23077,408.4535
170,283.46396,288.14847,358.84772
171,189.72252,125.4056,111.809326
172,364.69885,316.1158,410.51205
173,4.768716,4.891717,15.3952875
174,427.66013,464.96964,447.83942
175,50.183235,122.91853,239.15796
176,55.000908,128.07976,223.02188
177,40.381294,26.713282,26.275919
178,563.2176,371.78568,326.30197
179,455.31747,519.7807,589.13184
180,208.09184,304.17456,314.36493
181,11.202004,13.318582,7.4731684
182,8.622659,37.63717,118.274086
183,472.5881,429.37656,442.59415
184,426.72818,417.30496,395.71506
185,67.68688,39.167427,41.481422
186,281.27484,311.7107,317.62357
187,60.57168,473.1919,179.66966
188,50.73986,47.321632,40.28196
189,467.01108,127.120865,156.28732
190,205.90813,114.697914,86.0415
191,286.2777,259.25128,236.25713
192,133.29266,227.92981,276.71872
193,239.91098,314.04312,311.3689
194,375.148,373.5602,362.38312
195,397.32126,425.98254,443.67142
196,314.71664,206.21973,109.1345
197,351.68668,342.15778,346.6365
198,467.2067,326.51016,272.57736
199,307.02234,336.5162,400.58557
200,398.2562,391.7948,381.39832
201,245.47745,253.32121,261.7658
202,352.9257,353.485,356.28766
203,58.197655,72.26946,122.69132
204,-2.565482,15.580468,256.50314
205,60.842216,98.625496,170.56033
206,26.86909,15.31878,16.473581
207,59.717873,131.64108,260.76498
208,382.8484,376.29388,377.7605
209,263.33154,253.0487,220.98006
210,472.66312,447.48502,443.1932
211,432.38864,468.344,466.22717
212,385.10193,373.38727,377.66144
213,243.61932,264.83383,264.75134
214,446.43692,346.57202,22.812479
215,38.636513,36.31817,56.988304
216,194.99951,266.80267,311.79288
217,344.80444,420.8971,367.4249
218,373.50635,367.65817,374.9841
219,163.41217,162.46103,262.59283
220,109.81083,76.30157,50.118614
221,12.363381,10.130258,11.117303
222,293.244,269.11417,246.57237
223,49.48626,34.20397,21.65716
224,162.55258,118.75245,97.94361
225,12.022759,10.171807,11.213479
226,461.2201,610.9776,675.2478
227,398.54242,383.20578,358.2099
228,113.4633,76.31835,133.73294
229,272.69885,210.65224,90.51968
230,248.09567,183.71289,138.37193
231,32.60064,31.447168,75.361305
232,43.711906,36.336708,33.937157
233,292.44653,308.9988,376.09885
234,348.61142,386.20062,405.62222
235,112.730286,164.22162,215.38536
236,232.31903,184.24884,146.38101
237,482.00793,302.05133,286.46216
238,283.36514,316.8846,348.01904
239,4.947015,5.0216455,15.8349085
240,342.61203,217.64888,138.93852
241,417.64044,438.45938,422.74585
242,356.8264,322.2027,342.27356
243,234.61365,316.71576,312.0375
244,174.33336,193.00728,272.29318
245,163.50655,162.46507,262.63684
246,375.16006,360.0641,332.93872
247,42.631767,19.879663,23.47085
248,717.2692,544.22687,359.0697
249,35.13874,60.6121,97.649574
250,22.669764,23.01687,27.777933
251,17.71432,43.06443,119.04275
252,142.81279,204.19705,242.93759
253,232.3278,189.78282,153.06995
254,112.34482,70.189674,47.418022
255,333.15762,316.16644,361.3813
256,168.75333,123.998825,90.06046
257,28.007837,55.8742,93.86877
258,462.13654,620.96686,638.77106
259,10.779534,280.71115,383.53137
260,744.27637,775.08856,542.22906
261,375.2884,366.3547,450.37668
262,22.274164,69.20809,129.2734
263,234.55638,289.78897,356.9126
264,412.8001,557.91724,623.2063
265,234.06084,285.3555,319.76578
266,231.07587,254.93471,267.53238
267,298.84198,279.32346,253.66753
268,503.30487,615.29144,543.3262
269,333.28964,298.9718,263.21936
270,23.085123,55.76133,121.19852
271,326.91782,487.1208,135.88228
272,38.62142,34.504204,51.25547
273,32.185417,97.14353,189.74042
274,218.375,157.93599,84.60854
275,367.00092,185.726,293.22205
276,401.69562,384.45718,425.35812
277,510.58307,342.57587,317.66592
278,441.73087,413.2523,439.73898
279,121.18481,173.39775,247.47044
280,685.6054,504.69647,297.50812
281,403.12595,390.94342,395.29712
282,35.889915,63.71247,122.162636
283,105.43403,76.85136,47.254036
284,255.07274,270.33316,306.37485
285,554.16644,373.71304,327.45258
286,168.90176,247.5137,278.18323
287,537.9113,327.36774,245.7723
288,132.48064,217.92401,279.5431
289,133.96104,102.84429,78.64062
290,216.21791,151.06285,110.61811
291,401.58124,382.1476,385.05133
292,69.13091,91.09661,145.31702
293,220.7966,158.6208,109.2519
294,486.62076,459.6681,443.35135
295,18.56492,9.856332,22.118235
296,39.29371,38.426826,32.432335
297,409.17444,424.3091,421.4288
298,556.66675,446.7199,330.20776
299,303.79825,239.47968,182.9857
300,370.18665,370.8577,469.46408
301,180.2195,295.14,383.5323
302,303.02612,276.56863,256.51233
303,277.45776,282.29633,228.1924
304,346.407,430.82803,452.5722
305,465.11404,502.20096,294.56693
306,41.28251,63.602333,122.52913
307,146.60146,99.59301,71.98431
308,30.110025,23.765238,7.7273035
309,359.62994,287.09177,297.0412
310,53.22236,26.166605,21.859629
311,390.78778,459.9511,642.5466
312,415.22577,398.1448,301.21948
313,414.23672,382.99924,446.49658
314,216.24542,272.21463,262.83588
315,335.59662,356.56192,383.7834
316,56.474037,107.85712,183.79813
317,323.30817,247.62268,262.69333
318,217.04393,265.13702,332.444
319,292.74515,299.39633,331.2313
320,199.08942,157.69743,124.33493
321,48.181236,44.170387,35.234367
322,385.25137,402.63467,394.98694
323,347.22784,412.3751,408.48447
324,162.89894,121.00481,86.340355
325,143.3798,207.33255,246.3059
326,384.71457,309.7282,479.07898
327,51.008232,61.855766,53.417503
328,400.23975,418.66815,431.17154
329,366.58435,306.80865,281.64856
330,50.460106,34.08805,25.715326
331,1.5491573,-0.5264195,26.999338
332,30.540537,26.674448,59.84115
333,351.37814,379.47336,424.31238
334,321.85388,307.5615,281.2709
335,152.18529,191.92311,258.6007
336,401.10498,385.71555,364.76447
337,73.00355,46.095116,47.006386
338,42.552116,28.377268,19.196268
339,321.05313,309.4678,335.38315
340,287.35675,262.7688,204.37799
341,136.53648,88.07868,68.59753
342,281.41443,349.13205,377.9423
343,215.63554,151.80783,119.84233
344,158.75342,165.17352,167.02094
345,26.908289,36.675896,71.05978
346,303.54724,268.003,208.74603
347,356.86584,364.82574,381.68585
348,296.8487,342.1925,382.23166
349,91.16361,71.31614,56.636574
350,390.81967,395.21686,384.32013
351,273.75162,245.28123,217.64189
352,92.39037,67.22375,56.224953
353,259.1712,282.1314,398.60196
354,46.5485,17.751993,350.55664
355,253.12534,265.17072,277.8546
356,285.26614,310.44516,321.45923
357,83.708534,57.652046,45.739693
358,390.38678,386.23117,386.0506
359,59.824883,96.40072,165.97514
360,381.31595,373.35904,452.91592
361,271.88055,280.16928,273.4612
362,375.86752,322.85065,312.72357
363,48.02082,123.97578,238.29059
364,250.67023,275.4624,274.19418
365,285.08542,340.0125,299.82556
366,178.17876,129.85751,97.98301
367,136.3433,187.45508,259.86185
368,89.59101,149.74231,207.91954
369,332.0201,299.45032,233.51784
370,394.0846,255.22812,163.84404
371,224.72903,168.8344,143.83769
372,203.99683,289.9525,302.36768
373,288.42413,294.36057,353.87988
374,51.782417,48.66758,44.45034
375,300.81158,247.93007,190.84665
376,194.19402,155.8049,112.95106
377,576.13354,565.8444,433.96512
378,309.25708,348.5144,389.14236
379,248.84538,207.63977,171.22289
380,63.259148,147.01839,243.84741
381,24.312494,20.53744,24.511362
382,22.242304,22.619501,27.57609
383,44.887596,125.57562,253.51395
384,470.45294,135.81651,136.7105
385,306.02805,366.7333,385.70645
386,54.380455,46.845497,73.07331
387,53.249565,70.043526,131.74162
388,306.04373,260.82047,249.82353
389,288.9284,324.40292,413.93726
390,235.4518,233.56706,170.68823
391,253.78473,253.97444,254.96588
392,313.02914,292.7081,379.1015
393,326.62396,275.35727,235.67165
394,368.01117,326.19846,320.65454
395,402.5282,436.32706,420.4038
396,367.4091,186.29095,26.554926
397,310.55676,305.99356,320.58136
398,286.7947,313.87384,360.02597
399,31.444315,21.531946,19.527597
400,163.86356,223.89838,281.9704
401,345.05884,355.28754,371.44647
402,296.4036,307.24713,333.25922
403,17.681742,29.205301,59.064247
404,22.919199,369.289,316.57257
405,365.34174,359.00818,357.55984
406,60.808495,41.033943,36.534386
407,318.18845,333.68088,402.43372
408,116.05439,107.33967,91.85856
409,56.33915,36.318825,48.67646
410,34.54531,41.523293,52.39608
411,343.04388,323.82693,356.12692
412,62.870888,101.354,201.75616
413,146.61447,274.27255,343.10455
414,314.70807,367.6733,290.26907
415,92.48441,153.86967,244.40408
416,525.1756,327.8243,261.88794
417,184.60136,195.27052,182.31018
418,55.274696,64.86439,112.91286
419,81.19514,52.490395,47.17141
420,504.59634,124.23521,176.7495
421,3.7233365,13.603478,34.39042
422,368.27325,145.02762,28.887644
423,363.96472,328.09473,286.41772
424,412.9637,423.95132,409.4878
425,48.1558,38.58323,56.919502
426,95.81733,73.01215,52.764015
427,168.82356,110.85737,80.95219
428,345.43912,415.8037,645.444
429,305.37067,347.02097,376.81204
430,230.61488,165.08232,85.50974
431,193.06194,233.21906,236.36717
432,315.92505,355.2669,371.72748
433,377.15143,390.40326,471.97598
434,154.15662,107.96966,88.118004
435,381.36737,352.4546,362.37338
436,32.092033,24.780191,37.835747
437,256.44537,216.71275,186.93356
438,171.39792,207.5126,225.7127
439,4.0494776,3.7529538,17.531977
440,3.2153409,19.964594,49.436653
441,445.6179,604.6368,587.9043
442,766.63513,595.31335,367.14417
443,272.33774,152.52727,33.678352
444,258.4647,330.43454,351.39804
445,30.635065,27.505823,16.825296
446,241.67297,193.15376,153.0985
447,29.17048,43.84156,105.25608
448,51.771538,81.6851,148.60962
449,319.37112,408.35873,418.70358
450,48.73571,114.385666,208.73143
451,383.59253,403.48053,441.20728
452,39.29757,27.606607,28.717554
453,202.82689,233.2436,274.29227
454,78.98597,49.37655,33.249672
455,56.887047,82.38769,133.72249
456,544.9086,437.34384,292.5051
457,23.288767,70.65696,85.281456
458,154.42262,79.34066,50.221825
459,8.80581,5.9322596,29.429605
460,304.93347,340.90323,357.61594
461,282.3105,299.82983,302.34616
462,67.25176,62.932182,103.34731
463,114.72256,100.867455,64.63834
464,195.36281,137.11694,114.91707
465,20.875834,62.275185,123.92993
466,51.308434,66.81837,126.16472
467,413.85654,420.3824,397.73154
468,372.7407,359.37192,366.0572
469,385.11475,329.17923,2.5808804
470,60.67286,104.47953,210.67778
471,363.216,367.69318,446.70575
472,147.43121,118.524994,85.508095
473,253.89696,324.22827,315.6674
474,225.30882,217.059,194.52502
475,129.80435,87.788,72.95489
476,209.75392,271.83496,366.03162
477,340.65448,308.8211,330.2705
478,103.59519,73.72762,52.24331
479,120.84299,165.36557,218.38298
480,451.14673,438.23254,432.01895
481,115.78687,68.8874,51.328148
482,157.32434,130.50609,89.26653
483,479.50427,432.03995,279.29538
484,39.462288,30.201838,31.68606
485,8.774362,6.266259,29.369577
486,71.759285,125.26902,224.19179
487,271.77585,191.45107,110.009155
488,157.27728,211.7447,237.00285
489,185.0766,250.83969,275.47488
490,441.75418,409.1174,401.92102
491,380.25415,313.17584,323.07123
492,246.80685,274.59778,306.67337
493,70.46131,136.4987,258.89175
494,150.83505,210.07945,258.64694
495,198.73047,168.06673,136.24144
496,38.095238,27.760675,26.621317
497,158.37692,112.1775,88.71154
498,66.00121,66.24523,105.95092
499,248.14317,219.45786,210.8694
500,330.05118,322.25583,235.09981
501,288.1585,259.07428,239.60721
502,101.0667,78.3281,68.62064
503,306.76773,346.0688,444.94305
504,168.02698,106.571724,85.791954
505,35.732124,29.293222,24.66192
506,171.96503,87.18609,60.483818
507,305.22787,173.27823,138.3403
508,103.22581,164.28043,233.22
509,214.84004,169.53108,156.46881
510,426.4597,380.51318,418.81247
511,384.62225,372.8147,390.1475
512,55.085335,42.257744,38.2573
513,416.66263,404.11667,400.91064
514,379.72104,356.0508,395.23352
515,276.69995,195.39062,133.42456
516,254.42772,253.00284,198.1032
517,326.33072,324.10217,315.20752
518,-14.542701,11.073434,254.11983
519,271.90482,341.97388,352.5607
520,454.41992,468.94073,447.40176
521,104.166084,65.14303,49.812614
522,52.373344,44.686043,30.314844
523,46.78193,39.770622,62.016212
524,402.72116,422.44006,411.025
525,46.097588,75.40853,137.13432
526,310.77252,247.33008,232.93437
527,21.876352,281.3841,342.9164
528,297.37262,109.10132,16.124125
529,205.89157,217.81361,287.01315
530,313.04977,262.40436,215.0371
531,58.908714,40.878853,36.981606
532,439.85855,401.9011,418.4864
533,52.609184,34.82589,38.97654
534,450.80975,434.4207,412.39728
535,386.15552,418.51562,555.2558
536,44.501717,54.353233,91.238304
537,17.099787,38.635017,93.9867
538,191.92554,142.37215,105.91169
539,455.38144,555.97974,532.80817
540,101.56463,156.54074,289.3461
541,181.96837,118.83124,95.900764
542,365.8452,143.29213,27.610636
543,39.578133,32.46029,50.88233
544,476.24905,585.72815,596.1534
545,21.413126,60.915977,114.17804
546,274.06796,306.93323,335.38416
547,416.5052,365.9274,185.31589
548,9.461175,9.0033655,22.562128
549,345.27252,352.8812,348.41882
550,156.0037,124.48967,136.18645
551,9.72088,19.575266,41.697
552,16.85589,16.111826,21.558634
553,285.13272,323.2558,294.80484
554,17.882746,32.0366,61.23362
555,47.794624,62.21807,96.04102
556,66.26351,77.904945,137.6853
557,333.27023,315.39252,294.74435
558,460.9079,381.13403,287.52258
559,54.962563,49.165886,69.2223
560,379.3693,372.35632,383.53445
561,65.4519,71.54044,104.842705
562,143.53346,167.60991,261.37427
563,311.63437,273.9682,219.00568
564,15.651849,34.955467,87.47369
565,284.34628,161.00102,85.373634
566,15.015634,12.574777,39.28739
567,164.90996,30.071512,25.960077
568,251.9938,351.80002,241.65915
569,449.23813,612.55524,621.6148
570,206.06168,256.87872,326.66528
571,221.6588,274.5972,302.0535
572,101.65978,155.79506,207.96501
573,18.173899,34.344154,59.988503
574,89.84264,56.843422,49.84011
575,294.04138,245.85347,203.29306
576,110.48236,158.67549,203.97435
577,446.46796,445.81717,422.94022
578,256.90866,270.8585,291.6583
579,215.44061,160.40236,145.03561
580,341.32187,312.01373,311.18924
581,427.96957,553.3953,725.5277
582,57.201866,48.923622,40.23597
583,439.9413,301.0919,186.97673
584,29.391932,114.35352,245.81332
585,402.4322,422.5929,411.10126
586,370.43417,438.29135,613.1631
587,340.4129,318.3384,355.5153
588,141.73361,102.02204,74.031425
589,305.3861,318.4108,260.1196
590,64.23492,117.4316,249.26285
591,174.44836,52.433296,29.569971
592,22.695658,23.063272,27.8146
593,106.35136,33.703255,-13.081885
594,33.069725,22.002329,14.199319
595,439.63104,408.35205,404.79318
596,292.3358,308.3858,358.0748
597,56.887337,71.71949,120.66399
598,229.2639,228.25244,300.86752
599,60.827263,94.4956,177.49594
600,-3.0748508,15.247445,255.87242
601,385.58887,417.9393,574.8368
602,512.16187,638.0455,617.23016
603,50.443703,44.38552,56.75016
604,323.35208,354.4326,348.53152
605,17.91691,3.1570218,18.829248
606,53.791878,107.86646,242.20894
607,379.44217,311.47382,313.25714
608,154.24522,217.51173,274.92712
609,355.658,350.29657,374.56393
610,20.57989,27.18667,46.16584
611,467.7142,313.32516,224.30487
612,242.95598,237.52388,187.87537
613,320.47067,311.2049,315.2097
614,12.076074,10.185113,11.172982
615,80.48466,55.15232,41.900795
616,208.78572,139.1718,50.47889
617,493.18588,206.5262,71.7002
618,64.591545,43.44622,29.74116
619,318.25287,294.2681,286.964
620,386.39688,249.7191,275.63257
621,332.31073,297.96832,242.75983
622,-10.716544,48.528404,270.74344
623,400.98645,393.9636,388.89386
624,268.65656,383.27264,337.57413
625,70.79061,139.01152,246.98503
626,213.13855,169.10217,80.98931
627,1.0592738,-1.2266606,27.975153
628,250.96742,224.79329,200.86473
629,128.76674,84.43029,58.516823
630,242.03072,247.43745,214.5751
631,264.02988,321.67853,371.49542
632,393.69943,369.30148,365.21762
633,312.23618,441.25323,272.0836
634,65.22871,129.43228,194.5135
635,145.4103,103.194954,72.98435
636,273.7659,380.7582,180.01665
637,299.3185,301.70447,332.09122
638,262.31134,309.01492,331.97736
639,4.19497,3.8910763,17.686472
640,151.68242,112.17307,89.281075
641,169.14665,235.26805,268.3697
642,388.4086,498.9682,492.711
643,350.26724,393.0573,394.945
644,66.91155,64.266304,99.62336
645,384.29358,366.3128,318.4209
646,94.47619,70.49168,48.388634
647,339.1243,421.9325,425.58905
648,148.42155,104.808586,77.54269
649,185.60703,121.49004,90.99023
650,302.63147,248.10417,215.84378
651,366.9115,186.25563,26.607126
652,566.51575,455.5005,307.59888
653,323.47742,487.73383,134.88773
654,46.62687,94.067116,190.18658
655,12.769479,15.430047,-6.908042
656,322.1704,324.71863,330.00482
657,49.893837,353.3855,303.16962
658,244.27426,318.0965,333.4691
659,226.36067,178.44093,148.00865
660,432.28964,302.8503,250.11894
661,51.713844,89.84156,155.80481
662,219.23328,183.39207,152.04901
663,21.569345,300.22906,419.93478
664,591.54095,675.86224,530.07806
665,527.0509,488.7826,388.0495
666,121.83844,97.97666,63.994347
667,367.86594,390.2527,395.3521
668,33.03846,90.761314,167.7465
669,271.5896,232.88464,202.20692
670,204.81245,208.0049,169.57617
671,182.67982,137.61948,101.75347
672,193.8388,140.35153,109.42117
673,27.549723,15.832101,10.299554
674,122.897575,84.77349,56.99128
675,708.2462,713.80054,522.93524
676,148.80054,160.5392,85.11599
677,7.810769,32.812294,52.801353
678,326.50046,336.09854,358.35114
679,57.511772,103.69213,221.70183
680,284.4002,290.88467,302.4674
681,351.75266,330.30026,276.27798
682,57.15502,38.97773,43.89785
683,272.60648,380.1723,180.32906
684,429.72375,500.5945,397.27536
685,131.69482,96.745155,68.03979
686,79.70591,62.63363,66.66125
687,306.23962,222.1734,175.43262
688,63.961555,58.04403,81.601875
689,283.44727,341.3667,392.60757
690,355.89536,395.20422,429.15402
691,35.056526,40.00805,19.020807
692,268.95987,342.14758,314.43274
693,460.98972,443.88287,436.57486
694,283.4664,299.7247,394.6027
695,270.85815,394.99448,198.55434
696,260.1056,91.69349,72.0779
697,312.92828,344.42264,427.42935
698,277.47974,300.4178,369.0613
699,188.09552,133.74646,101.783165
700,286.5936,285.85507,229.44359
701,289.10974,319.93073,372.6224
702,156.36136,128.63228,103.7488
703,52.948112,128.02641,213.61644
704,16.505747,33.765236,60.982338
705,88.688896,168.65843,236.85321
706,1.3575069,-0.83450973,27.598124
707,248.63744,207.29837,182.73232
708,462.97522,434.79968,494.7122
709,3.7090237,13.582177,34.37989
710,135.4059,91.3464,76.36677
711,205.09654,286.14505,300.87024
712,44.688423,42.029274,43.55169
713,212.76097,165.31094,146.88232
714,49.743095,63.98728,138.15585
715,226.40488,154.92418,109.15133
716,46.68696,129.09839,217.75996
717,22.098246,368.57178,316.66055
718,111.218124,70.28663,58.772255
719,296.15182,308.5596,378.09998
720,190.12039,182.12791,135.35175
721,64.72105,48.150642,65.51415
722,301.94647,292.93475,266.7537
723,223.32217,227.96642,192.8264
724,280.81226,282.4922,298.51425
725,22.524897,369.1855,316.5079
726,122.18705,90.88024,65.6665
727,247.78009,167.10605,98.163
728,246.12474,323.14053,334.20148
729,349.80997,428.93814,470.5027
730,140.08008,102.033714,84.48051
731,473.94006,449.73538,449.7443
732,232.73958,163.42168,101.81417
733,324.255,487.4745,137.06802
734,159.61754,104.918205,78.859
735,205.9326,157.44148,126.19498
736,430.33032,390.9407,264.32568
737,574.0775,647.9826,440.4652
738,201.84409,246.21893,256.47995
739,298.25226,359.88834,400.21625
740,8.65165,5.7987146,15.679284
741,435.40326,403.82376,425.2842
742,29.25979,48.65383,110.19966
743,12.479104,38.72271,109.425545
744,309.30692,257.14133,225.98004
745,431.17465,553.2221,645.0913
746,336.13602,410.58304,434.919
747,103.4979,166.62419,247.31203
748,388.93417,452.76947,432.56012
749,308.31754,267.29337,224.19865
750,456.7769,356.1036,255.79395
751,164.34811,30.93812,26.144297
752,196.43478,263.11716,278.1272
753,598.82733,459.84573,281.33664
754,339.12943,348.14532,403.13068
755,77.797295,69.71903,44.03617
756,474.0258,649.4528,677.2026
757,254.1503,304.65063,378.9511
758,330.13287,367.59497,408.8524
759,416.49597,406.2458,401.26663
760,368.44757,392.40744,399.4472
761,27.852304,15.043344,15.725991
762,196.81221,148.81999,111.03673
763,95.84008,69.624214,52.539665
764,344.6079,373.0556,507.33148
765,-0.013403767,17.529566,259.79532
766,95.65444,67.38201,54.53356
767,202.12953,160.07938,130.08017
768,180.89714,295.27676,383.49463
769,365.17557,349.2088,331.37085
770,305.03934,322.13382,267.9602
771,296.4559,303.42523,386.705
772,22.147211,368.60495,316.66098
773,158.2151,121.212074,91.04777
774,239.24243,271.12192,291.18713
775,28.068094,72.10781,137.83667
776,80.68815,62.769493,50.319298
777,52.433342,80.27494,140.51526
778,18.312143,22.605753,38.983864
779,107.90392,80.20757,51.03443
780,426.81808,410.90164,398.3371
781,301.78378,56.84803,442.3876
782,337.50726,258.98837,168.0235
783,69.99586,48.112923,44.87139
784,422.4464,399.9362,378.81528
785,220.13264,179.72516,143.59744
786,302.06372,342.59256,366.21146
787,647.6598,477.84857,276.92395
788,118.51944,122.73291,190.4282
789,320.4011,304.94257,351.56967
790,171.01003,127.63362,90.739204
791,325.7539,377.90396,391.95267
792,28.681116,49.75361,91.46232
793,53.571404,38.166817,48.16024
794,372.80548,303.54346,272.9669
795,126.99942,255.1399,338.29175
796,416.65915,383.03735,424.21075
797,364.85394,362.15405,376.921
798,143.83458,108.408165,73.89826
799,370.92166,247.29837,165.91823
800,13.634774,23.090448,18.873957
801,460.98996,436.8391,396.5999
802,171.55527,143.69775,104.26623
803,102.0366,209.17545,326.59738
804,719.2912,760.12463,568.07
805,260.62463,257.30826,248.89296
806,274.1241,264.59558,232.30826
807,148.23218,113.2935,73.630775
808,347.589,406.45035,440.75073
809,92.97181,137.24438,227.35533
810,16.484812,10.582376,5.7850275
811,298.21518,331.5538,365.5008
812,340.23456,318.4534,355.4927
813,310.67868,300.7681,328.70602
814,95.50164,71.9927,51.991203
815,334.27945,284.71423,275.12158
816,232.08475,252.16096,269.20474
817,157.1182,183.3209,291.0771
818,388.37146,404.0286,403.64352
819,779.92737,600.798,400.69208
820,252.2102,303.94113,313.63144
821,245.10574,240.60577,230.88773
822,230.19423,195.2866,179.72203
823,89.6905,144.67017,185.15695
824,32.081352,69.41572,139.41473
825,158.03577,129.26382,90.500786
826,294.46536,10.217889,28.02485
827,422.98642,377.34567,393.75317
828,72.66769,77.12957,133.00339
829,362.71332,376.17603,393.87692
830,313.33432,325.8735,352.7663
831,3.2081692,19.949259,49.448082
832,210.63057,126.23469,80.32409
833,407.38705,399.6864,391.9066
834,320.4803,361.31866,392.35764
835,278.4703,310.6898,302.8231
836,363.37387,315.92947,262.04617
837,154.09302,136.13373,105.9248
838,114.74907,89.72086,59.0205
839,428.6749,320.47556,278.45517
840,454.79486,378.95508,293.97906
841,181.48381,143.38974,116.45042
842,129.47272,207.6242,269.5089
843,411.34027,422.45172,431.44724
844,53.101814,33.310555,34.967827
845,328.0485,339.398,302.9853
846,25.894007,50.839058,110.24619
847,116.16573,84.18363,56.887123
848,58.953926,130.20868,259.39627
849,14.378564,17.33697,4.4683313
850,275.78238,297.65414,325.582
851,12.447625,10.225976,10.959802
852,280.84927,361.26865,409.1583
853,270.37653,395.44833,199.32622
854,304.28534,344.40848,304.43665
855,174.02255,280.11777,33.336433
856,366.24533,185.28079,26.735102
857,313.71652,302.53925,260.22894
858,53.43197,21.733957,16.975199
859,297.29706,302.12506,271.78632
860,195.73589,156.3322,119.35671
861,299.31046,311.5642,281.87784
862,235.30392,245.2407,276.51526
863,32.581,37.878975,66.93989
864,143.78932,71.029106,56.615623
865,381.87668,378.9457,400.8724
866,19.990534,82.79615,215.43657
867,47.485542,66.71168,148.29852
868,12.04252,10.103143,11.259728
869,-4.8512945,38.539314,72.95391
870,246.09167,203.17105,160.4622
871,347.1877,421.17725,446.62674
872,378.2294,438.77838,421.21805
873,310.31503,300.39957,229.02948
874,95.10816,72.88253,65.15957
875,270.60324,190.79732,121.43966
876,71.435005,64.30642,87.25182
877,565.64355,584.58405,451.4887
878,382.9462,327.322,318.37497
879,146.74184,109.323616,67.81608
880,46.561104,17.806559,350.55225
881,352.98236,368.22604,363.8971
882,218.32376,169.36472,125.56172
883,83.05146,106.07595,184.2254
884,408.40808,426.8905,465.89636
885,236.36363,245.7442,270.29053
886,32.163933,52.4273,91.48939
887,36.217766,65.82444,116.93941
888,458.78064,447.47885,452.35156
889,321.82938,347.74347,439.51248
890,297.93457,327.20972,410.03113
891,36.82688,15.061166,17.297602
892,64.691246,59.616783,86.12249
893,423.00467,403.99265,386.92908
894,291.80365,251.91246,197.4453
895,229.5145,296.90366,320.2215
896,463.458,444.95258,529.5571
897,314.93442,392.53375,414.36902
898,38.12989,37.88285,37.112007
899,337.5356,258.81573,167.91156
900,339.18036,326.18112,368.85962
901,107.76713,183.66812,242.06816
902,22.274546,48.752922,107.98001
903,178.50198,229.4523,261.73468
904,397.9068,372.15958,396.85187
905,9.943612,3.794824,20.701258
906,49.82984,45.530678,40.171608
907,127.77433,208.90378,239.57095
908,289.17712,313.32834,319.3072
909,118.69821,207.6638,315.67062
910,46.91857,19.522776,351.81427
911,37.867867,60.481514,92.93888
912,485.36383,495.11868,420.53278
913,95.240486,74.00605,53.62565
914,663.9259,487.96393,285.8001
915,393.87543,415.58328,392.2864
916,242.87575,338.11234,316.13544
917,85.36381,155.75644,237.25702
918,398.59363,370.6554,369.58496
919,418.16583,409.89413,451.60913
920,54.917473,35.814476,34.30146
921,42.840584,61.08384,136.66644
922,331.93326,329.29742,332.84622
923,401.48267,536.59686,590.7325
924,272.59067,152.47237,33.71409
925,278.96585,233.54938,186.9006
926,201.79573,265.87042,259.7603
927,357.0733,367.5463,372.73373
928,326.89813,507.86084,121.54251
929,175.65413,182.09097,135.93423
930,305.60886,344.4155,387.45462
931,103.17249,217.14374,306.05756
932,424.18304,414.85367,399.89825
933,300.16498,248.39714,231.23778
934,280.81592,361.29648,409.1678
935,240.31386,162.37947,74.59142
936,78.255196,106.47324,65.31675
937,282.58194,313.94135,384.72583
938,175.88548,188.14058,276.31866
939,140.0269,204.04723,256.4439
940,49.142662,64.61645,123.897125
941,310.38794,266.0289,211.03214
942,12.9517145,25.898966,50.093895
943,315.7077,318.82065,396.81567
944,61.05361,135.98613,241.29906
945,106.03155,223.62914,333.28445
946,40.854668,88.03971,76.194115
947,40.901543,23.35322,21.192514
948,409.80246,284.8539,161.53708
949,281.95828,198.67021,82.261086
950,61.203575,60.83654,99.75837
951,489.2722,626.9455,534.161
952,385.5546,308.5079,478.16696
953,18.106531,23.733942,42.130302
954,612.9995,483.41806,309.8564
955,9.096749,39.28324,84.264
956,53.565117,40.755043,40.615364
957,394.08432,390.48386,380.8925
958,340.1325,345.079,383.68372
959,359.72202,368.35938,334.42422
960,148.62576,111.265564,84.56396
961,295.97577,337.52863,329.31067
962,212.84824,141.3011,117.65031
963,350.8246,313.4948,312.50443
964,98.259026,68.2954,46.807014
965,111.960846,74.480156,82.13651
966,20.083948,16.049646,21.583963
967,153.63138,114.9795,78.939964
968,279.56693,228.16008,169.6997
969,565.3317,418.76294,264.75095
970,12.015893,276.78314,385.06198
971,632.9251,704.21564,566.09546
972,356.91513,370.0493,342.03955
973,187.98274,141.65025,101.86114
974,54.345787,77.33149,154.5478
975,185.15707,251.64888,276.03146
976,249.02988,282.76733,294.0631
977,106.62682,70.08428,52.827293
978,566.2552,559.6053,432.22153
979,66.34165,45.365837,31.682184
980,315.9227,335.26562,352.45264
981,269.21356,352.73563,311.17776
982,375.4298,286.0238,243.35287
983,41.15589,45.774147,63.542763
984,40.671288,21.15864,26.647638
985,459.45084,589.0316,602.323
986,54.915535,108.189804,197.33044
987,370.93634,361.09436,339.70618
988,233.31396,237.07527,244.99425
989,113.852135,245.3961,355.17554
990,233.19597,325.66467,321.7435
991,721.82574,746.45465,548.82806
992,528.3175,558.08093,420.8324
993,328.27795,323.66516,301.07126
994,592.4881,613.80035,438.47665
995,6.577935,6.0975122,20.572641
996,9.598611,3.6581662,20.897257
997,285.95285,260.032,228.11665
998,195.60901,163.57584,120.87229
999,93.006096,134.13644,177.44164
1000,438.6601,290.79852,229.98323
1001,47.24662,42.564735,23.936426
1002,415.2356,254.51909,241.87048
1003,409.0462,388.30533,381.2903
1004,311.93985,273.25027,317.1904
1005,347.36078,371.73264,493.5734
1006,384.16858,409.02988,419.27264
1007,33.66256,18.143915,20.721552
1008,234.69734,259.39435,251.31088
1009,254.892,259.54974,271.36557
1010,331.30484,311.82205,299.1002
1011,319.8791,321.086,340.73837
1012,26.388224,42.81202,60.61033
1013,38.290154,98.692665,225.61406
1014,163.98447,117.30447,109.04168
1015,190.55952,250.5332,279.0292
1016,391.2976,312.93588,170.64778
1017,268.85718,258.36475,359.346
1018,329.5612,364.81653,355.77057
1019,434.97656,431.05127,379.3211
1020,40.04116,113.61266,240.21564
1021,9.832833,3.761163,20.778788
1022,40.941063,54.594353,111.895294
1023,136.3676,107.39862,88.30872
1024,290.6967,285.2101,273.36694
1025,37.045464,35.667183,59.41079
1026,421.287,576.39874,609.57117
1027,22.54751,281.09872,342.0013
1028,89.32255,64.20223,40.816185
1029,34.936623,54.038414,77.74763
1030,392.51755,337.70358,321.4917
1031,294.31888,318.36514,396.61948
1032,279.47333,262.6125,256.0859
1033,35.00683,44.73661,89.3258
1034,414.46286,360.04892,271.52356
1035,193.78911,140.1144,104.68264
1036,232.5708,274.32852,323.2493
1037,35.395866,19.98324,20.637033
1038,424.21216,563.2249,607.67865
1039,301.80325,56.968636,442.39035
1040,388.77563,357.37772,341.2274
1041,0.9296657,-1.3436345,27.798807
1042,58.75109,103.915276,149.35751
1043,111.90179,76.78765,45.43612
1044,44.88862,98.4,181.15569
1045,379.15613,323.24585,307.2266
1046,52.566643,103.82653,212.84601
1047,431.09567,423.93115,466.2373
1048,171.81573,136.30582,101.3193
1049,61.629112,36.04525,35.76046
1050,164.982,116.695564,80.35319
1051,448.38916,497.47382,480.1994
1052,61.14576,473.7625,179.04265
1053,71.66428,56.330162,41.074196
1054,399.67484,368.23257,404.83417
1055,387.52264,442.4107,390.38266
1056,284.04752,302.39505,260.7829
1057,210.43681,157.40117,121.576385
1058,11.75921,25.07757,59.687737
1059,230.35173,276.7538,303.14316
1060,35.004402,19.981287,23.231241
1061,120.976036,77.73856,75.20205
1062,412.7346,414.15842,388.93405
1063,355.9947,327.76224,305.95053
1064,249.0431,245.48935,179.76724
1065,248.01756,249.9158,257.57968
1066,345.38745,319.93155,391.67606
1067,429.58804,405.82172,404.1407
1068,178.95695,137.3385,102.194084
1069,91.47112,105.99177,171.75859
1070,104.99641,224.06734,315.28732
1071,388.09055,404.27167,343.12946
1072,312.22586,335.281,357.4354
1073,133.4292,257.2561,337.42902
1074,55.2192,97.669716,201.33675
1075,61.939537,91.9255,186.40808
1076,276.16977,286.20407,290.79147
1077,327.5187,359.81927,430.11438
1078,106.73455,63.636696,61.87446
1079,55.040825,113.32923,189.1586
1080,42.32061,38.89701,66.13908
1081,672.18945,509.6588,319.42697
1082,107.34475,235.2532,358.47928
1083,154.07022,128.27617,133.30318
1084,41.33239,46.214897,10.007424
1085,264.44772,246.1691,196.77483
1086,445.58276,520.23456,453.96365
1087,239.08267,299.5068,332.5277
1088,213.74776,166.83786,130.54868
1089,60.730812,55.785896,42.184196
1090,34.10714,65.44343,131.95834
1091,270.22217,228.66843,183.07944
1092,99.07058,68.61518,51.374397
1093,11.991952,13.007562,15.061547
1094,8.593225,12.904061,-8.415809
1095,451.563,442.8689,497.44302
1096,526.1115,350.8836,312.27902
1097,124.215546,247.50584,354.66238
1098,289.15067,312.6528,313.7985
1099,70.27607,46.030952,42.710182
1100,262.2798,272.02234,260.9713
1101,54.545494,121.316536,246.78876
1102,422.06003,389.86185,369.34943
1103,277.90906,280.04684,331.07785
1104,397.267,277.9357,251.21007
1105,95.14059,68.34341,51.351357
1106,348.4026,326.71008,390.77747
1107,193.02539,288.34363,-4.8649817
1108,314.8653,392.57953,414.2486
1109,397.5559,467.81955,513.85895
1110,143.47598,109.57565,103.492516
1111,273.73883,270.00363,225.23734
1112,269.56586,270.78253,235.64307
1113,29.638346,55.28402,143.20093
1114,279.51248,306.4254,355.62256
1115,29.626856,15.34266,16.825495
1116,227.53813,261.28506,322.5369
1117,443.52194,413.47736,409.49283
1118,166.9126,114.76389,86.80866
1119,289.66074,312.24728,393.19507
1120,81.302055,64.34821,8.403741
1121,484.53925,365.62653,238.83763
1122,58.017525,103.71534,209.86133
1123,439.13608,431.6236,433.96344
1124,21.60966,34.98063,60.790474
1125,39.495064,244.17407,381.19733
1126,414.92685,365.31323,407.49893
1127,49.835945,74.51234,114.74014
1128,377.3332,394.80038,369.24564
1129,419.39084,414.59116,392.65353
1130,418.26718,531.7001,524.89966
1131,229.24539,153.05215,87.84612
1132,19.350092,20.839518,29.256907
1133,-15.120002,180.16379,362.78293
1134,391.69894,376.15594,329.15344
1135,30.458124,31.310755,34.366585
1136,49.912514,18.607553,9.899987
1137,267.0093,255.3672,316.83218
1138,185.02695,265.14615,283.64343
1139,50.6791,45.804756,56.638695
1140,157.48906,183.19476,291.17844
1141,272.2361,267.90567,332.6282
1142,22.136972,52.14837,114.028244
1143,307.3162,389.3041,401.8413
1144,13.269494,22.802454,18.786783
1145,461.36176,137.96893,217.21265
1146,47.006157,19.992426,352.08084
1147,177.17863,129.903,93.86724
1148,275.66367,321.394,410.6739
1149,4.9823847,5.137994,15.34591
1150,196.14243,149.97981,117.74077
1151,352.76715,356.18073,356.48514
1152,157.47543,118.01719,91.32221
1153,600.29834,491.8863,300.68814
1154,289.57425,276.55292,319.7305
1155,360.38226,354.8552,392.45688
1156,409.06836,418.0907,374.34225
1157,415.3741,575.13184,613.10156
1158,172.4248,221.81972,289.05157
1159,35.0991,26.617044,24.080484
1160,364.27252,315.09857,314.75607
1161,309.1004,213.8011,131.71082
1162,328.76578,508.11975,121.91788
1163,52.858604,121.73185,243.13802
1164,123.41474,112.13006,62.558327
1165,244.11792,205.78703,211.89638
1166,473.56793,452.65054,449.18576
1167,406.4939,394.2529,376.9675
1168,420.0715,402.7044,385.63495
1169,256.70508,236.60446,219.89081
1170,345.53653,331.0752,311.19504
1171,57.94387,136.46513,272.29755
1172,594.0228,596.371,437.75864
1173,42.872963,54.119957,69.15624
1174,308.12332,275.80792,258.81848
1175,423.8524,416.70428,407.87582
1176,471.784,649.7862,687.867
1177,231.18344,166.84964,125.060326
1178,-1.5673894,8.498818,277.92245
1179,400.08304,402.1821,423.6842
1180,389.2513,461.69772,638.637
1181,29.70341,30.971354,363.71866
1182,111.044075,76.1215,51.76777
1183,73.12966,113.16315,194.3799
1184,221.98766,266.91125,310.01117
1185,30.385248,33.203575,364.11673
1186,11.344399,493.16296,125.4436
1187,278.4783,256.726,234.5647
1188,469.96487,462.47745,456.96893
1189,750.91364,755.99457,536.6592
1190,19.486078,40.392555,98.39814
1191,364.2761,387.7276,462.66833
1192,14.179345,16.750818,27.285608
1193,156.94972,117.11192,85.03477
1194,156.2792,189.9616,260.0082
1195,400.10443,447.03754,483.00974
1196,239.05351,185.62497,132.15718
1197,615.2703,440.9534,276.45273
1198,60.082787,29.8883,36.11129
1199,379.10022,238.09077,161.58186
1200,122.0377,242.55147,338.1884
1201,502.82397,123.02994,177.52675
1202,40.903618,61.2248,118.71728
1203,123.34834,253.6811,356.11554
1204,66.62183,119.730644,233.19757
1205,14.375939,17.147684,5.6538477
1206,418.59937,460.7239,633.5664
1207,54.992317,43.422585,64.2241
1208,620.9512,788.0371,723.1216
1209,33.227318,14.463876,19.881525
1210,32.607185,24.347483,18.395884
1211,11.768823,279.926,383.8122
1212,180.5798,238.0512,259.45963
1213,332.5275,348.78082,356.27008
1214,212.61957,187.55042,148.25862
1215,277.77435,277.5983,311.42993
1216,26.893183,13.570489,16.969202
1217,153.26498,199.24875,236.62877
1218,437.1019,402.13742,430.05167
1219,310.9443,439.06952,271.50146
1220,119.33594,255.84972,369.0278
1221,200.90758,150.04962,114.52887
1222,33.47892,94.05625,221.04291
1223,268.2752,239.41745,313.27133
1224,69.80807,54.249428,51.865166
1225,664.181,669.96045,474.45554
1226,117.53614,79.874275,57.987923
1227,768.34106,587.7024,368.11746
1228,23.912912,370.49548,316.34995
1229,43.1728,50.555214,44.5393
1230,68.6672,40.39631,50.190514
1231,391.63486,411.70956,482.4111
1232,381.4849,375.1124,435.00925
1233,329.14273,315.76596,333.75342
1234,30.389536,25.328348,31.537867
1235,282.62564,285.93155,222.07008
1236,17.596415,31.102839,62.61605
1237,338.37878,378.96368,413.6272
1238,393.72977,365.88797,371.63022
1239,0.6279079,-7.3064337,63.58825
1240,287.12143,218.00357,97.23606
1241,300.63223,327.99762,422.23883
1242,458.76303,447.48816,452.36902
1243,457.62772,542.1241,539.451
1244,262.35242,308.9882,334.5918
1245,157.51543,248.18561,312.55692
1246,389.1347,545.9424,571.80164
1247,417.87195,426.98654,414.35208
1248,293.5378,297.7259,336.62122
1249,293.01062,290.01038,308.85913
1250,323.60587,487.71967,134.70691
1251,426.8641,397.4067,421.87134
1252,208.57118,263.44046,261.75363
1253,56.389,87.85676,193.80263
1254,456.00662,364.95712,254.74667
1255,272.56183,292.20047,302.7666
1256,261.7421,223.99614,191.49677
1257,12.843408,15.313058,-6.9400396
1258,47.25437,44.17791,48.704704
1259,325.12616,300.90054,361.81277
1260,707.4361,541.6021,319.7468
1261,96.0758,164.66025,205.16708
1262,403.15564,422.35983,410.97858
1263,67.83926,42.829704,41.62246
1264,16.543863,29.613901,57.45072
1265,673.045,495.6026,314.53668
1266,317.133,388.48288,422.1515
1267,67.35044,142.46951,277.0638
1268,274.81207,234.04747,202.52478
1269,185.82603,200.49129,244.78438
1270,481.04895,473.77295,466.65393
1271,280.10397,310.75436,329.83212
1272,407.86206,404.35666,384.99002
1273,311.40942,324.51758,351.04535
1274,266.67395,212.35869,157.0593
1275,258.15216,218.51071,176.9782
1276,162.03104,110.309044,75.60473
1277,149.11707,173.68896,203.96768
1278,145.01787,119.92158,90.74496
1279,91.20837,242.11638,354.7136
1280,236.80524,313.96527,322.0397
1281,189.4917,126.203316,93.74244
1282,426.62952,411.97733,393.51196
1283,295.43466,265.82648,221.70164
1284,35.041862,64.67663,96.490364
1285,11.5354395,12.684075,13.877496
1286,74.46961,49.06167,25.10644
1287,405.3252,409.9889,508.41052
1288,392.95544,391.85727,422.921
1289,15.060708,12.595315,39.476677
1290,37.2902,35.945045,48.430397
1291,470.57272,135.35474,136.62416
1292,119.069435,90.91151,50.002403
1293,65.82525,80.2757,147.29735
1294,260.60678,317.1703,319.12076
1295,246.37245,211.63672,182.56493
1296,388.52133,248.08072,248.70714
1297,61.967888,46.843864,56.2452
1298,34.76803,22.559076,35.8218
1299,409.04547,435.5162,454.2386
1300,131.517,239.38899,344.11423
1301,14.369363,17.280405,4.7628107
1302,340.57443,290.49518,285.10852
1303,327.75278,314.81955,386.60596
1304,305.01498,281.14233,242.23863
1305,51.014427,93.08242,170.5809
1306,9.593545,3.666345,20.842844
1307,287.51263,351.41333,318.9861
1308,169.0846,142.40767,103.115364
1309,303.5735,357.54218,403.7858
1310,647.9054,512.4446,361.37436
1311,113.384026,207.94171,267.29315
1312,244.80182,291.3885,321.02554
1313,236.69223,250.89777,268.07193
1314,558.3411,583.5195,456.96686
1315,428.00427,289.403,151.56372
1316,332.74097,345.5713,365.19254
1317,277.71448,295.86044,383.72372
1318,421.30276,442.55945,392.12738
1319,333.5744,317.64963,375.0007
1320,139.01901,260.65207,308.6968
1321,230.58769,185.0363,146.56792
1322,278.3262,274.4783,322.52258
1323,458.47113,417.63214,266.37894
1324,171.96693,51.81417,27.153635
1325,114.17633,91.30143,64.34858
1326,706.7338,556.0386,376.8444
1327,576.4069,428.64404,350.33133
1328,437.4003,421.0999,398.47842
1329,245.44812,230.00807,199.15176
1330,371.7703,382.0468,468.9953
1331,154.31042,117.15494,85.53043
1332,366.94022,314.4447,309.09503
1333,178.6406,173.44337,153.32407
1334,55.000572,124.9087,231.70705
1335,164.5862,31.009989,26.18603
1336,388.18002,313.16733,191.79137
1337,272.60544,288.46713,304.08484
1338,41.476723,25.138758,28.50854
1339,369.2843,367.68127,402.76688
1340,198.3622,220.10881,248.63661
1341,349.3473,370.0957,390.48175
1342,410.64264,399.564,380.5673
1343,291.18027,251.35126,207.91397
1344,257.91727,283.4953,274.00815
1345,617.4624,486.69232,297.71072
1346,375.8702,430.89572,473.35776
1347,47.808174,29.497766,33.778633
1348,250.1575,186.33798,126.37758
1349,197.5982,245.36264,259.83176
1350,25.385828,60.434395,132.12445
1351,10.780999,494.56613,127.352165
1352,134.97061,109.43712,89.780205
1353,92.10494,70.996376,70.39338
1354,134.42682,92.32534,79.12705
1355,21.235895,300.28088,419.6031
1356,34.727364,19.037561,36.179832
1357,428.039,347.76892,291.96667
1358,278.43268,272.10532,213.6036
1359,601.8657,645.11975,506.76184
1360,338.9918,339.9368,358.46878
1361,210.5216,217.13039,192.14607
1362,277.79028,236.93527,228.46341
1363,219.46602,205.23802,164.27615
1364,189.22794,142.17822,110.65525
1365,405.34125,396.7339,482.90103
1366,47.40571,41.3285,38.95063
1367,474.76416,305.50992,259.8278
1368,87.432365,74.04537,56.65197
1369,335.91513,349.69604,376.6994
1370,233.79659,324.10245,295.95096
1371,546.5678,359.13873,293.1567
1372,461.86386,278.05853,266.80676
1373,363.7237,383.5839,404.5528
1374,80.265724,127.249084,159.71713
1375,448.9713,422.70102,424.3568
1376,216.04813,169.46483,137.121
1377,256.51636,326.88004,300.08667
1378,17.01832,-9.893912,3.983163
1379,46.703255,43.577293,41.88999
1380,48.430717,111.73206,158.83392
1381,418.15607,399.0866,376.10187
1382,288.27304,307.22034,289.55316
1383,140.18558,105.11335,51.222435
1384,193.81953,140.34674,109.40142
1385,399.22562,410.36862,389.70218
1386,153.48326,283.57193,347.3496
1387,751.07587,570.76685,365.39108
1388,105.54542,76.39922,52.019035
1389,176.04196,288.0983,322.86035
1390,56.333214,36.43882,35.72962
1391,39.87829,62.337715,100.75132
1392,118.91682,179.6288,213.72797
1393,372.83585,321.1227,315.5832
1394,388.52115,398.52448,424.94632
1395,365.14426,366.78827,436.58218
1396,377.54697,377.368,353.04144
1397,265.562,240.60114,203.7009
1398,437.06104,499.16116,592.887
1399,160.89864,119.830124,88.985466
1400,420.3269,401.54147,384.57193
1401,331.50443,263.36868,292.56888
1402,91.73783,67.807335,82.59214
1403,144.2248,174.83594,262.3703
1404,40.71595,40.68142,66.29754
1405,465.67792,271.1457,265.96088
1406,94.075874,138.44038,230.43507
1407,333.50333,357.3663,457.2972
1408,327.5715,373.23532,400.51138
1409,145.9608,105.25996,60.545876
1410,91.53947,73.476036,68.115074
1411,399.4547,400.84512,499.3373
1412,46.456917,48.213356,30.212244
1413,434.46658,458.3368,446.4079
1414,143.98805,271.2058,347.37814
1415,327.0192,243.23537,225.26294
1416,249.28043,55.39733,15.351922
1417,426.36438,513.34186,692.5432
1418,126.52279,174.51682,213.30324
1419,188.51283,145.68378,123.5391
1420,37.586876,129.28304,273.70673
1421,560.8345,404.84564,328.42865
1422,480.11978,683.9837,717.3439
1423,102.22544,162.61555,223.85541
1424,130.45345,88.81475,65.18902
1425,30.862574,50.20524,106.026665
1426,72.64277,50.513664,43.88923
1427,364.36667,437.78275,468.37497
1428,261.62836,226.61003,193.80666
1429,200.42534,252.27455,275.78232
1430,344.12897,362.96606,338.9487
1431,390.9077,446.69647,421.285
1432,172.9961,226.94064,257.32428
1433,77.88923,54.873314,37.20147
1434,253.3475,365.302,324.81805
1435,18.131388,46.4029,105.22697
1436,388.6605,402.93384,418.14346
1437,438.12955,428.86923,428.8138
1438,307.75052,225.08885,218.58418
1439,302.4749,304.32852,176.27385
1440,171.11978,121.48601,95.064705
1441,56.146263,30.64715,29.964472
1442,204.89752,157.44606,119.46676
1443,595.4238,451.91577,306.2667
1444,394.05438,461.3111,681.2157
1445,254.76587,254.77571,212.20415
1446,41.28901,-11.343711,20.65835
1447,325.10217,310.93484,382.78748
1448,327.4228,335.97638,378.4504
1449,502.9421,123.12837,177.50757
1450,426.8172,412.1131,393.65408
1451,422.91568,564.85034,638.8562
1452,261.38382,250.62291,252.71983
1453,383.35342,362.02243,407.68018
1454,110.878,85.75776,51.93203
1455,34.744728,19.026926,21.102121
1456,146.51007,103.38984,71.67924
1457,505.4267,515.4863,444.461
1458,287.41827,289.30396,248.57747
1459,37.12719,107.28213,211.38805
1460,359.4973,337.82172,278.3212
1461,302.38107,378.7846,407.0767
1462,157.45305,106.06292,78.580574
1463,45.986336,25.501627,30.621225
1464,31.943323,54.975594,112.02076
1465,408.40582,427.05884,466.17487
1466,169.2718,142.47696,106.18807
1467,281.86942,253.04283,224.21103
1468,639.5074,624.3728,474.0582
1469,29.855356,31.65774,363.78915
1470,323.67032,342.14267,375.39484
1471,543.50793,579.3005,413.22003
1472,269.7352,272.58618,289.43082
1473,298.97894,320.14487,352.93546
1474,381.6775,350.6478,374.04382
1475,104.51229,68.191536,46.49801
1476,431.25998,414.53912,492.75598
1477,54.937355,109.20121,204.1646
1478,468.26764,282.47385,256.7521
1479,351.5993,358.76132,333.74628
1480,272.9275,286.3209,345.05798
1481,111.50889,80.118996,78.58741
1482,12.178048,11.206399,29.281199
1483,102.48551,79.80923,70.833534
1484,423.03055,404.8915,403.40942
1485,47.500618,61.59321,95.67803
1486,259.15256,207.92044,159.4477
1487,241.89026,181.12808,172.43236
1488,310.73642,439.27576,271.6006
1489,292.65982,333.4095,308.01678
1490,71.866875,133.91008,221.10692
1491,360.89438,468.09842,503.74344
1492,471.1484,452.4555,518.4256
1493,343.8227,321.34387,254.90956
1494,283.52853,340.72736,391.30493
1495,77.39051,63.329384,47.094048
1496,63.858116,80.28866,145.78526
1497,398.2224,399.03918,402.09314
1498,184.575,267.1185,299.86078
1499,99.36065,59.312233,52.82479
1500,99.282234,68.25155,50.38555
1501,127.163185,119.82358,114.89517
1502,269.1579,258.35745,330.49432
1503,306.61346,275.73608,243.5982
1504,385.47153,540.1679,620.70654
1505,119.31875,243.67142,348.24506
1506,192.08694,149.51758,127.36515
1507,156.25824,128.52217,103.66534
1508,303.0521,314.62244,318.92856
1509,424.16458,442.90726,434.3553
1510,174.39294,52.978554,28.420023
1511,432.96414,351.2452,255.41747
1512,300.841,305.11606,337.41418
1513,-1.7016667,8.202554,277.48666
1514,395.4718,310.55548,375.40134
1515,107.16665,176.34209,226.12291
1516,274.5422,265.32993,325.76282
1517,398.59668,476.77673,708.06604
1518,490.0772,362.6281,303.2559
1519,109.72879,36.787743,13.180917
1520,44.41877,65.13676,92.91532
1521,149.76918,124.78236,82.60412
1522,230.70732,185.96179,147.1284
1523,173.7514,250.07741,265.90186
1524,157.84026,183.1472,291.3039
1525,45.97912,47.953026,58.483345
1526,40.42507,59.49183,110.38327
1527,83.68366,117.78214,139.71687
1528,378.97388,400.253,426.6129
1529,412.179,380.16888,265.969
1530,329.04355,330.34998,311.15796
1531,158.70209,183.42145,291.69772
1532,414.01144,412.36298,394.52957
1533,88.354836,79.54902,56.94799
1534,269.65262,243.1603,224.2971
1535,399.9099,422.3817,425.90765
1536,414.71643,402.35754,392.33038
1537,96.852745,58.44532,44.210945
1538,41.72747,99.197044,211.69542
1539,16.7091,11.008065,5.857171
1540,21.885447,13.392419,23.22552
1541,406.34494,423.44247,451.20847
1542,244.69313,267.9636,288.92255
1543,109.40434,73.99409,44.36431
1544,53.254738,89.32763,146.99081
1545,25.299555,102.18275,225.55458
1546,303.68533,304.28253,345.98743
1547,29.178019,48.182747,103.84821
1548,62.075127,59.827446,40.45684
1549,88.015465,60.34925,51.829628
1550,423.95453,417.0177,306.1812
1551,-4.39318,38.604683,72.6242
1552,165.50876,219.23183,272.56168
1553,362.29724,375.73315,461.26187
1554,178.77864,156.00563,135.16315
1555,107.562004,78.01516,65.86161
1556,318.7813,287.58636,249.49026
1557,54.6605,354.47195,305.70413
1558,98.14872,160.0455,208.47968
1559,316.3233,334.8194,365.78223
1560,391.33752,371.09946,376.0354
1561,297.34457,257.89514,247.38704
1562,246.49208,262.67746,294.6561
1563,143.14833,167.81685,261.2226
1564,115.04562,77.257164,53.510445
1565,232.3631,156.36987,110.168945
1566,412.79034,427.72415,587.29584
1567,388.5951,300.33676,244.99632
1568,30.07644,88.786705,182.22087
1569,12.833596,34.4206,100.968666
1570,424.951,563.6441,608.0359
1571,493.0384,680.9505,687.2334
1572,412.60065,395.79926,369.5185
1573,262.35764,309.1884,350.90228
1574,411.75293,388.68362,391.10614
1575,427.74905,413.3826,490.2611
1576,377.55786,379.19452,387.35416
1577,253.74643,206.50285,163.73459
1578,63.600807,78.21212,135.99445
1579,282.05405,192.00095,167.78398
1580,14.397256,17.231638,5.2712183
1581,381.75928,428.3116,583.48016
1582,61.925804,41.794304,18.889734
1583,444.7457,347.9563,24.96847
1584,55.183037,101.50855,206.53598
1585,17.378122,34.486702,69.18957
1586,12.588799,13.223947,33.315407
1587,385.18924,378.3371,376.41718
1588,96.854515,170.3702,239.64937
1589,243.04678,198.97536,166.79712
1590,501.57465,699.03296,732.1836
1591,61.506035,117.69496,255.13312
1592,402.6761,410.54678,440.26694
1593,299.27573,370.73337,348.5904
1594,287.77777,304.38275,334.9416
1595,167.22784,141.64595,317.8631
1596,51.42974,106.01754,226.67519
1597,313.0733,294.1167,298.19064
1598,80.4399,51.11602,44.5969
1599,190.08578,155.15161,110.10088
1600,20.464045,13.738931,6.4024134
1601,225.24081,186.74248,162.83876
1602,190.2378,166.44943,141.99332
1603,575.3543,390.92273,340.03693
1604,33.753212,60.087395,80.23904
1605,38.79348,26.141779,27.974573
1606,20.928568,13.909997,24.228067
1607,345.5335,269.07275,288.2332
1608,417.39682,274.662,194.24135
1609,223.53453,173.56433,132.15028
1610,42.15246,39.562233,19.518671
1611,187.07556,140.20816,99.66242
1612,268.0165,271.1725,242.4564
1613,117.60797,86.56863,67.77955
1614,16.501749,10.521935,5.8006067
1615,46.99958,19.798777,351.62482
1616,12.307824,10.117181,11.158776
1617,610.70135,452.19254,281.28308
1618,53.252785,61.57551,121.874596
1619,22.423624,10.757684,9.028588
1620,387.45242,413.87878,425.0006
1621,291.87195,245.82883,243.30789
1622,401.5274,439.62634,437.3083
1623,154.59769,114.86455,146.02779
1624,440.29282,270.02695,240.90881
1625,267.3176,299.63837,379.8576
1626,52.43432,117.07598,239.53291
1627,29.269938,28.546091,47.08216
1628,293.57184,342.42062,383.2661
1629,655.58826,508.76758,311.18945
1630,490.65054,299.75558,268.3322
1631,279.13797,249.76543,218.58145
1632,319.96075,328.97232,377.3385
1633,134.20645,259.57672,358.79965
1634,48.840813,46.1661,102.252205
1635,30.218943,16.268213,18.094522
1636,438.24698,595.5232,679.34174
1637,13.743417,-2.4722202,-16.323065
1638,417.5684,398.2835,460.23633
1639,520.39355,492.57294,356.6308
1640,258.60843,330.5117,351.52264
1641,295.7026,354.26654,334.58328
1642,478.0931,393.1196,464.03278
1643,293.771,273.4715,242.94469
1644,237.36285,227.0609,176.01808
1645,45.253822,32.135933,29.298914
1646,369.54083,188.35446,26.215677
1647,15.033486,12.552957,39.552834
1648,42.127663,24.553553,54.5308
1649,411.84,265.46854,238.10254
1650,326.357,308.75287,372.26468
1651,329.29645,319.6311,371.1756
1652,65.15354,12.444985,3.9857419
1653,594.327,463.6897,288.3708
1654,51.823204,31.917765,38.08976
1655,280.4586,297.4288,331.9434
1656,432.51617,400.94592,269.71683
1657,25.120356,37.898903,60.50318
1658,284.05807,280.20145,305.26028
1659,79.779,55.632683,36.12522
1660,466.65854,121.63249,158.20163
1661,119.225716,236.47969,335.86752
1662,321.37393,325.01187,305.7845
1663,203.84625,159.94327,130.36401
1664,286.10193,259.60007,273.55893
1665,437.27106,597.33136,610.01337
1666,303.10413,347.2848,417.95984
1667,403.34662,385.9077,427.43497
1668,256.7748,269.51562,220.10312
1669,33.472572,-8.251929,-2.4553897
1670,42.934013,56.07395,91.27364
1671,343.84036,287.99124,308.60797
1672,195.75441,266.24915,283.4477
1673,152.83438,219.38234,283.37607
1674,30.629435,35.82003,62.06121
1675,269.88367,394.666,199.37822
1676,13.160409,35.02076,85.98591
1677,368.53366,375.56473,382.73343
1678,87.99798,140.2699,236.96814
1679,271.53427,218.99092,225.6262
1680,278.3963,291.5586,359.07178
1681,223.38847,171.88446,121.89174
1682,294.38974,318.3303,396.67062
1683,173.22652,141.2731,115.90733
1684,166.05139,110.349304,96.54113
1685,437.9428,579.43207,602.9933
1686,293.7848,286.23685,322.92368
1687,165.53677,151.04517,147.25668
1688,520.10144,354.50766,337.5092
1689,341.82083,342.3331,392.08707
1690,48.60334,71.83701,140.35135
1691,292.30573,281.34018,257.5993
1692,58.916817,55.82644,105.861275
1693,44.840538,27.425257,26.542475
1694,123.67312,60.951088,9.697
1695,337.50742,371.99478,386.3144
1696,465.63544,644.0932,668.20105
1697,200.88193,167.28104,138.1388
1698,253.97945,278.58008,306.20993
1699,303.41873,304.1559,346.3657
1700,384.4029,397.5723,415.12366
1701,188.83823,143.86375,98.70037
1702,212.14989,168.76794,136.9623
1703,407.16077,430.21985,586.30133
1704,415.8725,443.6319,554.41656
1705,91.31786,70.192955,46.67608
1706,452.5527,428.34384,419.912
1707,309.28192,370.86835,407.65344
1708,355.12173,390.43146,434.44266
1709,415.4798,383.24753,449.55386
1710,247.19487,221.01414,189.88847
1711,177.06589,135.44261,97.23614
1712,-55.08628,-3.8052738,271.0004
1713,329.02582,338.30634,258.9412
1714,227.36836,180.33115,140.37366
1715,263.52377,238.65533,230.50322
1716,219.58621,271.25177,325.279
1717,435.33914,422.19983,397.0861
1718,316.8965,300.14484,291.25568
1719,181.73216,318.08585,425.64102
1720,96.65305,71.28016,57.65116
1721,113.45445,82.12653,57.655785
1722,133.13358,232.95087,275.54532
1723,218.49196,157.62427,114.53858
1724,283.01718,7.4483576,30.316217
1725,387.63904,416.4672,429.65714
1726,333.15518,410.67798,405.86072
1727,311.68143,324.02167,341.67838
1728,32.327522,37.851875,58.32981
1729,104.52903,78.46429,48.39628
1730,241.6504,204.98022,162.07413
1731,303.15063,365.6789,394.23303
1732,262.70093,227.39293,219.68994
1733,527.4184,582.85046,479.60233
1734,196.15483,147.4702,105.759895
1735,255.07031,269.8182,277.91617
1736,151.65663,109.05567,69.243324
1737,467.4804,127.10395,156.24808
1738,237.26349,162.74992,128.49701
1739,129.12573,251.87112,343.45255
1740,247.41148,330.75464,338.8887
1741,276.1707,287.8092,282.02557
1742,6.875695,24.741022,59.56884
1743,84.83796,69.51267,67.76791
1744,366.1635,350.09476,339.71613
1745,265.586,173.06357,109.24184
1746,75.25323,141.31598,213.30339
1747,431.2627,458.60953,533.4912
1748,257.64926,232.43823,184.01845
1749,294.67142,329.63742,386.98132
1750,696.9575,779.84155,580.78613
1751,15.994241,23.384592,40.45893
1752,36.07534,21.849054,22.824335
1753,419.8355,388.7459,394.68704
1754,71.983696,108.71531,183.86632
1755,284.1801,261.73547,249.45811
1756,361.25693,358.60504,366.15262
1757,339.46423,334.76987,337.8309
1758,95.65809,206.74391,294.69473
1759,106.45861,77.89646,60.07058
1760,237.35223,279.46957,276.5943
1761,338.59113,439.3088,305.34003
1762,383.1077,424.49786,430.7759
1763,452.3722,441.71042,515.9463
1764,404.09512,560.7509,636.83716
1765,419.39743,278.6819,302.9993
1766,221.74313,176.89662,133.29584
1767,171.1012,292.53918,-6.7076483
1768,72.243614,144.88382,211.62294
1769,280.67136,302.04514,314.15503
1770,446.03247,418.04614,440.08588
1771,283.83374,305.7886,368.91693
1772,13.731301,6.8522577,-2.4873416
1773,134.9149,101.991066,68.29568
1774,81.617485,188.33968,304.2889
1775,26.502237,15.643334,12.3687525
1776,122.08462,232.25378,288.8726
1777,416.71558,269.97244,179.3466
1778,411.45947,420.54086,394.20557
1779,119.067085,82.55314,57.210503
1780,205.2789,152.97495,113.856384
1781,374.74564,272.98325,273.25043
1782,71.90502,134.85008,211.14375
1783,307.25888,226.1297,251.80672
1784,63.0711,126.65497,274.96774
1785,83.39007,57.47799,44.63813
1786,27.291117,28.301065,48.64692
1787,25.55787,43.413155,54.808266
1788,583.9562,431.97726,255.39883
1789,262.41638,286.19055,353.89792
1790,367.17773,144.32959,28.338251
1791,251.10934,255.23828,250.01361
1792,129.79381,98.71746,76.35871
1793,455.93167,627.36053,654.0127
1794,227.12674,174.60934,141.43901
1795,238.96414,227.68358,202.7261
1796,303.59152,304.20102,346.03088
1797,364.5206,399.69235,415.76373
1798,28.51687,23.264704,18.702082
1799,63.72242,51.6865,41.74749
1800,110.611404,72.68095,48.31022
1801,59.956123,67.15232,105.5044
1802,16.326914,14.157662,27.416513
1803,329.20618,341.47092,348.57864
1804,413.04803,412.83203,384.9059
1805,382.3867,387.5996,397.66275
1806,132.37402,86.261024,60.632668
1807,254.59059,194.07509,120.19977
1808,448.821,414.2987,442.23495
1809,70.42152,49.282524,50.890038
1810,42.03855,17.955667,19.293314
1811,219.36697,305.3152,292.19257
1812,167.93716,134.85336,88.88166
1813,17.883066,45.11416,122.13633
1814,47.04989,84.097496,155.96036
1815,209.26018,296.73447,265.81314
1816,253.53178,309.28424,304.41965
1817,328.39243,354.7287,385.3211
1818,292.94412,360.2525,394.58276
1819,14.39808,17.268473,5.042596
1820,467.98596,125.52481,156.95174
1821,35.469368,24.887568,7.680627
1822,271.10162,271.54214,321.68262
1823,-5.2965918,38.30494,72.89033
1824,34.911903,27.600367,18.33906
1825,50.35595,123.34154,200.58034
1826,546.8778,380.78372,261.2871
1827,139.52979,102.84571,75.96644
1828,124.22355,261.27402,355.78824
1829,391.32135,373.9724,397.27225
1830,249.40698,237.02068,237.08089
1831,135.3695,184.2582,239.98654
1832,291.5078,285.70953,300.06854
1833,272.22882,299.06607,254.9003
1834,78.97802,58.357674,44.62095
1835,280.39844,256.8977,233.60368
1836,6.9042597,5.3167963,5.843133
1837,359.22827,376.31305,398.30667
1838,426.40552,504.74405,705.08307
1839,169.41747,132.08322,115.849655
1840,21.403574,300.35904,419.79205
1841,180.55026,136.54903,114.06348
1842,400.08783,388.6927,265.77054
1843,7.6344843,32.002083,52.608116
1844,66.34698,47.052925,35.637672
1845,210.39853,146.18665,135.59196
1846,250.40222,251.1131,283.20056
1847,281.1949,272.595,314.0222
1848,292.429,313.51746,394.83844
1849,293.73755,11.594674,27.411081
1850,362.19495,339.4502,390.7406
1851,47.214073,48.50904,58.35035
1852,294.68484,318.22806,396.8585
1853,274.62152,274.19128,322.95776
1854,388.81262,374.38193,355.71857
1855,279.5341,303.04654,321.61493
1856,746.3331,557.78046,353.20746
1857,66.06228,151.81065,239.5942
1858,319.10934,353.5626,392.0533
1859,358.1923,491.37912,589.4614
1860,53.781303,21.687616,18.025202
1861,308.53986,318.2772,420.03073
1862,34.14962,14.580071,14.938348
1863,21.85113,39.88703,85.134605
1864,422.45233,566.4357,586.3565
1865,119.25101,236.52296,335.89648
1866,200.44608,270.83865,270.75293
1867,142.7425,167.85216,261.14777
1868,142.72838,107.01765,74.09057
1869,674.73737,551.5729,412.55487
1870,94.62156,60.223152,37.12815
1871,380.31595,357.26825,387.8313
1872,43.488335,102.9188,199.10095
1873,37.626183,24.417002,40.023582
1874,445.14056,348.1841,25.306314
1875,371.37057,365.5513,356.19778
1876,12.133904,10.197366,11.131921
1877,198.00754,151.44284,118.87547
1878,329.15674,303.83688,382.9144
1879,300.44043,273.80774,221.52417
1880,294.43417,10.159646,28.043558
1881,39.418846,23.009195,32.69793
1882,106.32868,87.9369,68.14193
1883,48.571754,59.884712,86.37887
1884,19.813623,50.80224,116.95679
1885,300.16373,322.47568,420.6879
1886,59.347008,130.6602,259.71588
1887,144.6129,104.20878,75.25851
1888,167.07297,112.90162,87.028435
1889,319.10538,333.45645,336.25903
1890,298.92404,170.58153,157.59265
1891,287.02914,247.31502,235.84656
1892,132.39264,99.24134,70.26302
1893,103.65977,110.026306,102.828835
1894,307.71103,275.19504,260.28674
1895,365.67502,184.82869,26.816797
1896,44.416695,62.78373,98.47712
1897,41.440758,59.545464,99.756065
1898,204.66718,245.15822,289.4784
1899,272.5812,245.44748,212.01755
1900,81.75242,48.204613,7.3475122
1901,555.0968,640.2363,601.82904
1902,260.0453,302.56433,294.94223
1903,397.73608,400.12497,413.0338
1904,10.46441,494.074,126.650314
1905,374.7893,359.44162,363.7323
1906,264.0819,340.85657,325.56177
1907,10.753564,11.795602,30.348673
1908,85.86947,65.599495,49.22451
1909,390.07748,396.58383,454.45807
1910,76.32618,56.39367,53.317497
1911,45.41021,31.384806,29.972803
1912,102.87679,65.939415,50.176582
1913,337.41437,375.00327,408.9216
1914,380.09375,336.78113,377.23132
1915,493.31638,137.91423,193.64824
1916,33.244347,60.44741,100.92312
1917,384.6883,379.2296,372.83005
1918,385.03333,308.76627,478.07782
1919,469.7827,275.41577,242.58304
1920,373.69836,367.53906,370.46045
1921,308.5052,306.63116,281.08524
1922,305.25327,325.34296,372.78488
1923,105.88566,256.85788,349.89624
1924,53.250923,64.42544,107.30004
1925,252.37036,300.2684,320.7149
1926,368.19427,362.02136,424.157
1927,321.03827,324.03485,324.7576
1928,24.546747,43.80047,89.554085
1929,406.7239,388.0092,457.3182
1930,157.2722,136.6386,104.730034
1931,623.97424,439.494,308.77997
1932,207.24228,241.12047,266.03198
1933,57.90084,98.22315,149.5656
1934,133.79817,102.17173,74.22082
1935,51.12475,31.484125,35.80886
1936,253.71841,257.44467,279.27838
1937,35.747185,44.682243,63.037086
1938,70.68734,44.65078,50.078056
1939,261.26816,227.24113,195.26537
1940,42.87815,69.84356,124.15734
1941,377.78955,388.6262,388.85007
1942,250.37416,294.19504,315.81027
1943,557.20276,407.95566,359.58527
1944,94.87966,67.13479,63.987556
1945,254.4197,264.22632,217.44562
1946,361.29324,360.84216,333.01953
1947,328.45184,228.6007,137.38928
1948,235.0599,194.84787,166.423
1949,7.7174006,15.19085,37.483818
1950,433.08585,411.48578,409.2091
1951,497.9249,304.98596,277.98218
1952,308.99448,298.68326,274.83734
1953,167.63333,109.18069,92.929344
1954,41.256798,40.213844,37.160378
1955,145.58362,109.09472,85.4295
1956,75.422005,56.16169,78.50288
1957,181.43127,143.2854,116.372025
1958,41.252098,35.354774,67.43478
1959,347.71774,384.2257,403.4845
1960,131.1525,85.98879,77.07215
1961,183.56693,117.624,97.74465
1962,135.68968,96.251625,68.50158
1963,46.059944,31.38331,55.613274
1964,70.91532,54.076653,34.434288
1965,108.49796,184.61348,246.49086
1966,256.99118,280.46252,94.07244
1967,517.78314,591.6531,479.4205
1968,149.8194,268.59015,342.65955
1969,270.56396,328.37997,212.02126
1970,93.37766,62.25695,46.288338
1971,350.72742,367.61676,389.94937
1972,36.531807,15.661935,13.205407
1973,235.99731,200.27603,165.62343
1974,80.70295,48.322487,6.6652765
1975,21.901896,17.725931,26.955454
1976,42.79902,28.1634,29.924356
1977,141.0433,95.708885,72.59588
1978,409.0958,275.5674,182.02153
1979,253.73851,95.730995,116.724266
1980,315.5815,336.05377,348.0967
1981,143.54785,253.22841,318.98956
1982,136.84573,251.72021,340.56433
1983,199.99178,262.65686,249.64421
1984,19.253809,38.571526,78.29438
1985,8.812417,5.4847345,29.461084
1986,191.50525,200.71838,175.78664
1987,52.44834,66.065605,124.3948
1988,406.5258,384.28217,438.42218
1989,298.33136,318.08487,368.8911
1990,113.63996,197.7478,258.4137
1991,297.324,324.4184,376.04144
1992,397.41522,373.32034,381.6841
1993,340.34012,369.56927,454.74344
1994,472.23126,639.2831,681.57465
1995,176.7576,288.22577,259.0849
1996,651.53937,647.4122,471.791
1997,241.64424,257.84473,255.46678
1998,179.42773,120.234825,95.27483
1999,38.44535,75.665016,168.53629
2000,455.9682,627.35455,654.01044
2001,416.27148,399.82443,491.67792
2002,16.108988,28.17904,46.26789
2003,298.6016,294.5336,342.95316
2004,336.9677,336.03018,275.81213
2005,329.2776,264.30746,300.79266
2006,324.8323,367.5117,402.19614
2007,250.53596,277.89105,291.13983
2008,336.79007,255.57718,164.64833
2009,489.17886,513.9189,458.04596
2010,189.27988,267.58157,261.8222
2011,433.14056,393.0972,368.3851
2012,287.797,350.5496,370.19412
2013,611.159,604.7663,459.2048
2014,105.426994,212.95232,286.6821
2015,431.18414,390.44342,404.4518
2016,229.93694,222.04105,231.45201
2017,9.717141,3.7302792,20.835321
2018,41.777992,24.174738,22.632563
2019,23.7279,18.268274,6.6456842
2020,301.89203,353.421,388.34363
2021,44.903114,39.555687,34.93818
2022,302.19357,254.11115,213.33331
2023,51.877068,63.1177,136.49384
2024,-11.087089,48.085365,270.5862
2025,331.86493,333.32843,351.9061
2026,48.03855,116.16028,258.46457
2027,227.99197,242.41165,239.23695
2028,255.36328,340.7466,312.584
2029,268.29883,221.18939,195.56903
2030,47.166862,31.134867,27.217096
2031,53.675133,120.21809,244.12941
2032,352.83853,232.50807,254.38335
2033,402.8614,393.05258,383.34402
2034,227.43837,185.06546,143.80585
2035,253.2981,263.46436,295.79367
2036,296.3051,293.3559,323.60376
2037,12.717324,20.909815,35.82998
2038,476.3522,321.8659,265.08676
2039,117.73163,212.07207,284.54303
2040,230.16109,191.18486,159.32043
2041,342.99942,345.53528,360.22943
2042,25.160807,19.102152,5.687417
2043,246.0831,248.56409,271.52966
2044,62.921837,45.851357,43.480858
2045,272.84424,233.22682,241.16042
2046,22.698404,45.206764,109.61656
2047,360.94354,325.75946,208.04668
2048,407.70282,519.7748,688.24725
2049,111.811104,80.19102,59.028496
2050,218.25937,167.7515,117.63887
2051,38.16909,63.386696,119.63653
2052,42.96749,66.9867,105.060814
2053,344.91873,275.2206,284.06403
2054,71.825325,60.61904,49.533806
2055,182.3289,318.06497,425.16763
2056,268.0192,282.5507,313.06833
2057,57.943108,141.19904,221.00082
2058,60.985725,45.711494,41.2295
2059,114.37089,80.25425,56.253593
2060,140.72372,101.603676,77.38349
2061,402.9576,427.68506,551.8106
2062,210.18707,259.59747,253.77803
2063,42.26998,22.703714,26.854532
2064,148.35948,115.86473,88.888466
2065,61.629677,38.60038,37.656273
2066,417.26727,411.63602,394.7423
2067,297.6294,229.17174,162.13649
2068,219.32553,180.42517,128.15411
2069,45.030464,40.240074,24.99
2070,57.129173,45.433357,46.064095
2071,149.90999,112.76059,85.21485
2072,19.53039,36.12838,39.27735
2073,150.53064,126.64952,132.18002
2074,270.27197,395.32324,199.28958
2075,40.752266,88.25231,75.79267
2076,398.07816,405.4124,391.97537
2077,161.91515,138.78223,116.61133
2078,40.315804,40.0086,46.010124
2079,151.22037,209.40483,276.42758
2080,341.95804,405.2048,409.452
2081,32.92527,18.312494,26.996988
2082,207.51381,227.50392,246.65524
2083,213.72552,162.60376,111.20501
2084,33.98107,-8.282157,-2.4138095
2085,24.37237,58.392784,122.42296
2086,45.19718,32.907997,32.448555
2087,50.03533,30.917688,30.73475
2088,45.763268,35.524864,33.430748
2089,210.66524,166.15164,102.020805
2090,11.079812,493.26434,125.55846
2091,430.52954,463.88458,454.58054
2092,103.308754,69.89564,58.699745
2093,241.00853,180.52705,131.59993
2094,263.81763,208.10371,161.48431
2095,375.8754,372.69858,373.26276
2096,109.49874,86.79003,56.547264
2097,386.30286,390.15482,409.3702
2098,390.4882,359.49164,394.04376
2099,387.6106,380.13602,388.44034
2100,578.2119,379.60242,319.70093
2101,60.94262,54.397163,60.425804
2102,355.51367,361.44534,438.52747
2103,15.585107,12.068276,22.757074
2104,106.90499,134.43724,179.86086
2105,22.134485,28.161753,48.350212
2106,26.759882,21.693003,26.685633
2107,560.90796,646.51117,529.6069
2108,238.56671,256.86215,272.49362
2109,411.94064,436.8969,420.36865
2110,265.13412,267.16968,230.96513
2111,419.93945,403.9167,392.74582
2112,233.95563,307.0725,301.74902
2113,107.00315,75.93568,42.6361
2114,346.53537,327.60907,330.4042
2115,32.79444,19.840967,16.530664
2116,36.347984,31.231348,19.267862
2117,135.65947,90.10438,62.443916
2118,501.97906,681.4059,707.17865
2119,21.137796,17.713037,31.204096
2120,326.33246,294.5885,318.1239
2121,310.52637,382.71988,398.52533
2122,447.34457,326.8894,261.58984
2123,404.6001,402.20837,474.65686
2124,292.43866,320.52826,268.96912
2125,361.01227,357.93185,263.96332
2126,241.52386,201.15527,163.93794
2127,470.23334,358.03564,239.29973
2128,47.75988,49.64808,84.187096
2129,273.43097,292.79013,303.71863
2130,406.36813,397.5141,386.68488
2131,370.26257,404.99695,551.8449
2132,19.961283,109.454,243.74182
2133,504.68878,124.29151,176.66728
2134,306.28305,297.75464,296.7876
2135,300.66586,285.1201,296.24408
2136,184.52225,146.5821,107.51498
2137,124.30657,169.8289,245.44357
2138,550.88947,368.5562,288.0083
2139,574.54364,383.0988,338.65488
2140,247.41145,255.10233,281.6543
2141,157.5565,183.56987,291.365
2142,59.588203,51.59095,60.293144
2143,213.13525,265.54965,314.68497
2144,775.3331,576.75916,383.6653
2145,276.82562,285.5265,353.71097
2146,143.21812,99.44042,74.9107
2147,265.77316,324.35284,263.86026
2148,66.44297,62.469215,102.57258
2149,61.304253,58.909966,39.103416
2150,352.3872,360.7166,348.2273
2151,61.716164,106.66209,198.35739
2152,110.551216,70.67393,38.682243
2153,185.16748,143.08107,110.47298
2154,129.62462,282.99393,363.66647
2155,344.95517,222.6615,134.8338
2156,370.18924,414.35498,442.19702
2157,163.63208,162.49355,262.65863
2158,272.42383,315.05313,353.63016
2159,60.841713,474.01105,178.63184
2160,89.516426,140.65758,189.67972
2161,355.5302,380.1896,390.1203
2162,445.87277,379.4353,452.24756
2163,385.97794,308.58148,478.62833
2164,320.20847,341.23984,428.2818
2165,62.0496,126.1248,262.34756
2166,339.79044,368.8716,383.22015
2167,386.48825,391.94116,421.57727
2168,14.170388,19.890879,37.43035
2169,287.34042,274.90475,265.5702
2170,416.8421,452.81015,549.2108
2171,336.24985,322.6494,378.89563
2172,88.86773,127.73381,194.89247
2173,320.61755,231.55006,239.66457
2174,254.1456,199.94426,156.20583
2175,330.57928,508.01294,122.738945
2176,236.70052,193.4269,161.58951
2177,382.42062,310.91623,478.63083
2178,593.71094,661.39404,486.5298
2179,204.69365,267.2204,333.00647
2180,320.03333,382.053,517.2198
2181,361.1246,372.37057,402.55283
2182,229.05891,269.70813,368.47675
2183,183.2811,220.01035,270.0028
2184,21.068018,50.332985,112.854256
2185,304.08142,310.7892,335.0532
2186,468.61267,447.6236,337.0792
2187,165.84492,222.58205,256.53955
2188,4.9111567,5.067376,15.289285
2189,150.57256,107.180916,77.383934
2190,51.461662,59.901695,62.04789
2191,185.11047,144.53476,114.36731
2192,217.69536,284.93503,293.52725
2193,18.42425,28.498606,55.10311
2194,317.34946,320.9322,355.0044
2195,336.43436,362.2855,386.4659
2196,310.6372,297.92685,352.0645
2197,697.45,721.5868,516.34296
2198,429.14294,444.21664,457.9404
2199,282.5083,373.23065,396.7501
2200,410.99194,407.8434,397.1013
2201,22.31692,14.787118,15.745156
2202,104.356804,82.428,50.815834
2203,43.26467,310.89447,398.25644
2204,18.271463,8.992333,19.792261
2205,292.63797,337.5347,392.29886
2206,426.2023,402.3164,389.1872
2207,267.7394,285.68137,339.54333
2208,394.9134,359.6561,316.64053
2209,231.59885,174.53203,139.97186
2210,352.84174,374.03714,383.17108
2211,641.76624,653.6837,458.4472
2212,118.252144,84.96273,63.732674
2213,321.4842,303.04025,260.8647
2214,348.65448,410.6109,416.96106
2215,54.731865,354.3301,304.7572
2216,134.57578,264.4047,345.75354
2217,376.45798,353.77646,318.12012
2218,366.73215,349.30734,360.50363
2219,346.12103,332.89795,298.2113
2220,276.9349,247.10806,217.10982
2221,69.09173,52.482765,48.364998
2222,232.17625,184.05765,146.11307
2223,384.47348,366.97284,358.35696
2224,56.282875,107.751656,165.21187
2225,163.15758,151.68057,104.24212
2226,42.329994,66.559715,117.86989
2227,157.79324,296.0666,298.06488
2228,580.214,632.0774,494.30557
2229,174.01639,280.26202,33.262215
2230,336.96716,337.02753,319.1762
2231,452.28348,433.30023,438.29395
2232,36.127968,113.28524,181.09883
2233,110.32272,75.27265,68.205025
2234,197.88939,146.94096,143.27693
2235,588.92615,578.95935,437.85486
2236,269.02213,328.05936,211.99559
2237,33.356194,-2.9607913,4.426049
2238,274.12177,304.5986,322.3705
2239,373.86447,442.87317,641.47876
2240,114.49864,79.0391,56.144478
2241,247.3218,176.96524,109.2668
2242,334.3806,294.83435,282.71964
2243,132.8456,191.82622,259.34695
2244,35.579384,63.806023,121.684784
2245,437.7717,461.7299,446.32144
2246,297.71323,267.58566,211.96426
2247,201.21141,158.81194,136.49875
2248,49.837563,72.08668,137.91522
2249,166.23705,120.064095,111.54731
2250,273.2674,152.01306,33.438957
2251,317.11984,291.4085,376.41382
2252,470.54785,448.40356,453.25797
2253,373.85837,385.6675,485.00375
2254,48.1,49.621483,101.25329
2255,417.08472,393.57336,426.9483
2256,346.31253,327.92294,335.4739
2257,74.55926,48.424034,44.685097
2258,124.02275,93.06481,68.868904
2259,437.2688,409.0729,485.3455
2260,31.935556,43.310417,31.668238
2261,171.28703,132.75636,88.934456
2262,11.685845,12.783456,14.313531
2263,64.09974,17.038599,12.8787775
2264,336.85278,226.28064,138.39925
2265,173.11874,227.10117,257.4886
2266,36.822136,23.991526,10.162957
2267,103.08883,221.78496,331.88223
2268,202.22636,179.57126,155.51881
2269,204.84134,171.76723,131.66682
2270,316.95096,382.32254,427.54297
2271,11.892861,10.116403,11.34028
2272,337.5235,405.01025,413.5849
2273,384.63025,409.3552,390.0571
2274,349.50507,377.47705,396.1221
2275,62.41346,107.95827,172.05083
2276,150.07767,235.74619,251.76237
2277,37.73594,59.72834,135.66258
2278,413.9953,379.91214,424.89337
2279,40.8948,88.11004,76.40783
2280,438.24338,598.7538,617.2546
2281,166.48158,233.52249,203.04553
2282,290.495,211.74292,115.779015
2283,338.36212,338.22238,311.16388
2284,147.82448,218.46725,290.78104
2285,404.5032,394.9414,394.34988
2286,232.46646,174.24245,131.32195
2287,115.71995,75.079735,63.101234
2288,122.8709,82.68462,76.19717
2289,1.5146419,-0.6898259,27.793818
2290,223.2407,153.05246,105.610374
2291,271.13165,244.92737,181.68211
2292,604.27905,604.49304,459.70706
2293,35.791496,20.72938,23.702799
2294,392.60046,439.80414,376.67535
2295,393.1881,371.9804,354.47806
2296,155.23026,113.72431,85.5023
2297,447.00668,346.64764,22.927027
2298,110.07202,72.78472,53.901405
2299,355.35388,327.77472,369.83362
2300,42.088173,36.390297,32.363365
2301,27.477365,50.845512,104.74311
2302,362.08273,380.12738,466.31488
2303,134.34007,210.62491,241.76471
2304,576.2442,439.28473,252.90175
2305,380.43042,410.3607,447.60785
2306,283.10678,7.2750025,30.223764
2307,32.87081,50.87348,89.25149
2308,110.09742,78.31614,60.87336
2309,273.03238,289.94708,366.53845
2310,66.84121,97.551155,151.23065
2311,92.4277,157.14932,232.4384
2312,294.46793,318.3069,396.72913
2313,358.3506,301.36432,281.7264
2314,129.97562,197.74748,254.60799
2315,114.99026,76.655785,49.71476
2316,87.12052,57.186195,53.40734
2317,276.04596,285.761,307.77362
2318,28.763224,19.69871,23.830545
2319,18.498697,16.85464,31.721598
2320,325.81058,375.57062,381.65466
2321,149.02255,105.65543,77.40009
2322,426.6783,412.0155,393.5568
2323,94.76795,71.13444,63.534416
2324,43.06405,39.44082,53.021873
2325,340.12573,334.81747,273.7294
2326,480.0993,453.61725,427.7817
2327,698.23254,727.4092,534.366
2328,12.925286,-2.2173069,-16.091452
2329,329.49445,345.92902,352.6743
2330,314.49677,320.5105,334.9428
2331,389.22253,415.97763,441.95697
2332,246.8547,181.89082,126.168175
2333,522.0316,603.5804,506.24344
2334,346.01172,329.4267,285.3466
2335,296.17554,272.9851,347.5717
2336,64.88911,59.89283,102.858345
2337,293.7599,10.738,27.858515
2338,403.03085,389.8081,371.63864
2339,331.85468,321.7095,361.00232
2340,299.93478,308.83762,328.6307
2341,418.17905,405.14435,403.81482
2342,280.32498,342.91672,331.5293
2343,377.0022,418.41156,573.27026
2344,64.84663,59.06658,49.881203
2345,22.119806,115.96436,240.20493
2346,-5.2526007,38.292244,72.8184
2347,248.39403,333.03326,301.12518
2348,110.39823,73.32809,70.79206
2349,386.18677,426.19,612.6235
2350,261.7692,254.6534,347.77585
2351,139.26718,100.81165,87.83459
2352,126.62534,204.81322,241.67993
2353,75.968346,70.43639,79.27094
2354,137.4614,87.54061,67.50129
2355,50.52706,61.208397,52.39953
2356,356.99127,376.4188,392.45422
2357,58.195213,62.7035,112.46064
2358,66.20374,124.30948,258.73346
2359,55.57818,117.65329,200.57959
2360,90.939064,201.14883,324.31174
2361,414.48074,414.73334,392.987
2362,308.16376,381.1267,389.03525
2363,96.49531,74.12287,59.69094
2364,162.47388,117.8451,79.54742
2365,49.81127,52.450706,32.16738
2366,63.62574,54.120964,70.216255
2367,30.028711,32.321938,363.8782
2368,294.55136,254.12744,203.6609
2369,97.075905,52.074715,47.58686
2370,403.35422,370.70786,373.92252
2371,434.61365,426.4131,406.71887
2372,266.92032,228.81111,193.18912
2373,303.47305,312.4581,340.02347
2374,227.53809,200.93257,179.38316
2375,136.7481,96.54249,64.89866
2376,466.7308,126.38841,156.55624
2377,66.29714,55.993202,64.26812
2378,156.26544,222.89673,289.76837
2379,268.73163,237.69022,206.75073
2380,165.54,206.12979,238.85349
2381,278.0825,320.8036,330.19693
2382,163.44159,121.53781,86.88497
2383,44.53492,104.04853,205.76344
2384,329.0059,333.72165,345.24963
2385,675.15063,542.3875,399.7488
2386,37.61564,42.607582,58.331062
2387,303.21228,302.35852,308.07605
2388,445.79385,409.75195,475.49847
2389,11.533792,12.688165,13.839776
2390,16.110514,24.907999,41.90615
2391,226.6437,190.62862,154.91518
2392,402.8071,464.69727,486.7467
2393,190.1322,142.23921,112.67807
2394,7.7942286,32.9159,52.810234
2395,295.0662,228.97069,232.69368
2396,124.88458,88.35854,62.612343
2397,324.54776,311.68173,328.67963
2398,125.29039,90.920815,66.96665
2399,275.41818,338.97964,321.14825
2400,275.05447,220.45853,163.94159
2401,83.67347,59.24624,62.36724
2402,213.07228,310.60056,335.00647
2403,293.6031,316.9145,394.3686
2404,36.474083,33.941093,52.40345
2405,164.67737,138.14804,108.801704
2406,27.75709,16.944773,16.240564
2407,327.26547,300.3468,238.1254
2408,105.21998,149.03148,247.0543
2409,110.35815,219.07239,307.0457
2410,161.56136,109.961044,85.54482
2411,353.55502,345.79376,364.63385
2412,287.50165,248.71608,204.18173
2413,268.37302,265.23044,282.56903
2414,14.886041,12.481591,38.9598
2415,37.281242,20.814661,20.735239
2416,296.37823,24.130564,453.68942
2417,272.1137,332.5366,316.43802
2418,80.37278,71.00979,106.041374
2419,9.780557,36.596413,77.52053
2420,153.01761,116.963875,91.79632
2421,406.50052,451.12277,595.3787
2422,402.53043,363.43686,391.20804
2423,316.88382,332.6032,206.77216
2424,57.226677,36.917046,23.210566
2425,337.79898,360.68613,365.97324
2426,204.25764,166.59923,152.76407
2427,158.69365,122.94766,89.20756
2428,585.72107,425.69955,269.66125
2429,439.1556,441.0908,548.6173
2430,89.89393,58.243813,36.12188
2431,402.39053,365.50958,273.6785
2432,314.78754,392.78073,414.03992
2433,12.897836,15.259271,-6.9471807
2434,335.12006,348.42065,345.4167
2435,27.371988,36.136635,47.880547
2436,227.3646,185.78699,146.65364
2437,140.85577,110.967,87.91161
2438,397.7738,338.3696,217.22362
2439,654.8733,463.59103,276.3627
2440,436.49026,349.39465,333.91312
2441,301.7825,302.33905,332.93332
2442,284.1074,255.20479,207.3253
2443,269.52725,276.54684,279.28937
2444,130.15541,92.505394,58.88555
2445,34.563103,32.598106,47.209557
2446,418.17844,403.9426,401.76352
2447,58.608894,123.07479,223.42024
2448,96.08955,66.24435,63.07673
2449,278.3313,230.55678,195.0581
2450,97.43165,79.49769,62.289986
2451,16.628962,-9.736396,4.054681
2452,148.30327,133.10393,111.616714
2453,108.55739,207.5406,293.59335
2454,571.92535,664.0464,550.2047
2455,367.27676,185.5908,293.62918
2456,267.68295,199.0624,140.13635
2457,293.96515,309.97964,341.71335
2458,332.30115,340.688,346.97202
2459,337.78647,351.89496,393.8791
2460,44.97872,38.538033,58.793404
2461,185.99052,152.30997,115.26645
2462,396.64612,379.97018,431.82004
2463,323.8793,240.82957,189.79994
2464,533.2267,617.1198,492.66873
2465,107.29127,248.20299,360.87347
2466,257.56683,328.13977,336.38712
2467,69.35128,113.995445,159.6359
2468,272.8508,242.82686,213.04196
2469,427.54025,467.55176,442.09628
2470,172.64163,143.17268,105.074165
2471,163.45023,126.356125,76.07159
2472,23.712992,18.162409,6.567773
2473,41.358284,-11.391349,20.610819
2474,191.71913,244.7672,309.30954
2475,283.16052,307.83624,319.57858
2476,520.2613,638.18506,517.3098
2477,405.06903,451.784,607.93994
2478,372.36255,381.02844,365.60117
2479,113.022865,91.00715,76.128105
2480,222.73074,170.56532,127.23556
2481,370.12823,145.09268,29.396341
2482,-11.305137,12.883889,258.21402
2483,67.281166,123.779045,240.00526
2484,44.623573,63.447136,132.43588
2485,334.42282,394.12003,393.54404
2486,26.450907,11.672891,16.266382
2487,375.22183,242.51768,173.97418
2488,330.47794,220.46498,311.97794
2489,384.0486,456.08395,478.50516
2490,139.88464,193.95448,274.16345
2491,447.3049,497.69446,454.1108
2492,57.017555,49.52189,43.238533
2493,300.2549,287.5441,239.88881
2494,539.1232,644.75385,523.6686
2495,190.23795,267.8217,291.57446
2496,417.1858,431.46472,423.46033
2497,444.47522,432.97406,411.46902
2498,283.24405,296.14246,289.50568
2499,247.86836,295.91406,351.28473
2500,357.7599,352.0795,351.12457
2501,264.82327,279.87506,308.91193
2502,26.893305,20.85563,26.421732
2503,212.03522,169.4063,79.9831
2504,242.93437,242.88692,274.9462
2505,370.9483,365.43417,358.13226
2506,12.899606,15.269219,-6.942252
2507,314.8212,392.89062,413.96997
2508,414.88043,412.14462,408.20282
2509,129.51462,133.87569,112.65194
2510,139.19354,97.77863,73.98414
2511,615.7167,449.42337,257.29672
2512,470.6212,291.69254,269.57394
2513,53.269142,21.866953,17.06814
2514,312.489,347.59286,380.31226
2515,95.33344,74.16621,51.137566
2516,70.19674,53.856346,31.626429
2517,43.778664,49.17028,59.60058
2518,132.66493,227.4202,264.55737
2519,400.2248,399.884,368.6937
2520,60.98159,54.23078,58.302025
2521,265.26035,271.02554,302.80756
2522,33.184563,56.83332,111.662704
2523,18.227839,26.78512,55.12629
2524,388.51392,328.24155,3.872903
2525,146.17969,97.69552,67.943474
2526,117.55312,244.64584,351.5091
2527,309.47778,339.16446,414.27954
2528,342.46448,299.2181,317.5547
2529,369.54636,188.4071,26.20849
2530,421.25424,339.0471,276.51794
2531,337.82678,267.19354,264.7001
2532,334.3553,431.5964,449.47928
2533,217.28702,176.33615,148.23753
2534,234.25317,324.63852,313.33554
2535,272.36725,379.12482,291.6548
2536,38.40101,41.345802,58.308434
2537,259.39972,210.80077,172.4402
2538,328.9254,357.06253,418.13022
2539,241.69603,209.92365,175.45493
2540,126.24711,194.32393,270.45898
2541,195.23337,164.56929,162.5816
2542,674.44727,527.0905,315.73993
2543,313.2475,394.7067,420.4274
2544,319.48474,333.72617,347.66547
2545,323.21152,359.5377,376.0961
2546,367.71945,144.68782,28.61439
2547,64.63032,109.36088,175.398
2548,516.2351,329.3553,292.20792
2549,429.6843,411.693,417.16858
2550,445.42862,410.72754,275.54282
2551,389.99185,328.3027,3.247659
2552,421.77155,247.67377,246.8445
2553,282.00668,302.27994,382.7296
2554,184.7142,233.96744,295.47717
2555,26.238108,43.224754,63.9961
2556,60.088844,84.501884,166.9983
2557,336.57077,345.5326,317.86115
2558,357.85855,393.51437,488.64392
2559,317.28668,289.25046,297.3861
2560,419.58954,524.5685,511.5671
2561,220.81969,228.54108,242.13268
2562,352.57407,335.06375,325.95383
2563,573.7057,501.11765,289.7789
2564,404.01324,361.84512,243.08295
2565,403.56888,402.30377,387.4687
2566,350.85706,351.38422,351.51642
2567,19.165369,40.533012,80.81393
2568,98.86965,61.905556,53.304085
2569,420.83167,407.4527,438.98242
2570,89.81275,186.87836,273.86877
2571,77.13665,53.16874,50.748207
2572,118.37576,237.86908,321.6791
2573,80.78034,168.87051,287.20633
2574,269.5037,211.55136,165.54866
2575,35.59823,30.5451,52.48974
2576,52.663292,113.48881,244.24933
2577,296.6563,304.81046,325.34982
2578,81.44038,54.497307,42.24607
2579,55.31472,78.240486,135.84496
2580,167.47258,104.492805,90.02842
2581,407.6878,514.9335,462.57202
2582,122.55493,248.23982,354.0145
2583,402.72156,386.0796,391.3331
2584,222.57959,180.54623,180.14154
2585,219.79515,223.38809,241.06012
2586,234.10925,172.9598,78.60876
2587,30.375696,12.557748,4.5144434
2588,173.45634,115.65966,64.9743
2589,312.3978,295.16895,329.8321
2590,109.12895,76.31832,43.605247
2591,217.19495,174.536,140.69814
2592,444.59286,346.71964,23.081125
2593,367.15424,186.87599,292.6879
2594,669.80725,568.8618,352.26706
2595,17.12243,-9.945273,3.9184353
2596,271.14548,319.2432,325.04083
2597,10.776803,279.04227,384.48282
2598,337.36932,371.31436,385.0507
2599,413.14996,385.6721,247.1033
2600,279.69406,316.76917,376.41663
2601,402.1291,383.13806,441.39133
2602,114.147316,205.14262,201.79756
2603,51.100975,91.802895,151.8149
2604,436.5033,377.0211,434.17975
2605,337.85983,355.2901,392.72977
2606,254.23184,164.94565,101.47025
2607,73.69364,48.88555,37.281517
2608,46.74465,31.10325,35.160362
2609,291.81644,313.00623,385.93973
2610,348.4761,312.57877,240.94043
2611,271.62296,242.50967,219.92986
2612,232.11124,184.29822,146.44472
2613,423.4511,415.98615,387.75668
2614,13.782769,-2.594138,-16.36109
2615,215.26968,289.96484,300.4174
2616,132.65916,219.41321,263.49722
2617,276.477,272.71127,298.1659
2618,148.77551,141.70383,104.569405
2619,4.1471796,3.8513424,17.599924
2620,18.882242,17.425577,27.025187
2621,150.24634,275.41553,300.8093
2622,416.13235,408.18484,395.47443
2623,147.96486,103.41389,78.989784
2624,83.16273,65.05828,45.0158
2625,261.92392,211.31853,153.6279
2626,328.98685,218.6318,130.33215
2627,31.58233,14.115029,19.21322
2628,8.79252,5.085519,29.451715
2629,199.81839,166.15723,149.72266
2630,467.21545,472.66125,548.2672
2631,87.02247,182.19287,303.6674
2632,268.9732,239.90843,229.03784
2633,170.7128,130.33006,98.198814
2634,118.50924,67.938896,52.646553
2635,382.35864,311.12213,478.83328
2636,304.46292,303.05273,342.7527
2637,139.55827,93.753075,60.598824
2638,15.0402,12.552957,39.60044
2639,108.848854,202.6955,235.31468
2640,91.59579,74.78893,72.20121
2641,323.66232,233.31606,278.9644
2642,182.29518,159.13655,133.3198
2643,12.024026,10.976373,29.139277
2644,258.8227,247.48453,286.129
2645,115.034676,87.48687,64.8258
2646,295.85583,24.374308,454.0031
2647,407.53217,406.84753,393.714
2648,282.91992,7.6377344,30.25445
2649,8.760293,6.330636,29.346827
2650,331.81302,346.549,283.67227
2651,288.56082,305.76028,318.73605
2652,155.53644,248.77722,354.72845
2653,403.35236,423.89926,435.72318
2654,385.84094,275.15292,148.54916
2655,49.72529,86.69575,182.87462
2656,11.134789,13.2035,7.7281275
2657,446.3406,458.97894,449.73923
2658,221.53458,176.21272,128.14331
2659,212.89656,167.52641,129.27724
2660,223.97322,249.9042,219.22821
2661,57.958397,38.644676,36.05863
2662,687.07074,510.67783,372.50284
2663,250.44476,251.2107,245.04272
2664,395.21783,385.34766,363.24387
2665,354.33682,306.45438,268.71368
2666,249.70361,280.43787,328.27866
2667,130.27417,86.678276,68.63883
2668,179.30602,220.2904,264.99677
2669,382.4868,376.078,368.77908
2670,224.1273,184.523,152.43971
2671,278.71323,287.71512,316.70587
2672,300.92517,305.43353,331.3042
2673,280.7023,309.7209,361.34464
2674,17.163141,34.014732,63.309822
2675,28.974161,88.75233,224.62277
2676,59.49906,130.9539,260.0027
2677,41.32601,-11.3734045,20.6242
2678,51.8247,66.19297,129.9002
2679,58.42579,131.99617,274.57748
2680,272.61255,263.31433,249.4221
2681,303.41855,304.04056,345.95737
2682,408.2259,509.37952,658.3842
2683,269.94125,286.21588,296.82013
2684,318.79492,360.0413,381.0388
2685,522.1851,557.4084,400.70862
2686,152.56874,108.14468,84.720634
2687,25.598612,41.345345,70.55726
2688,307.1162,299.12653,293.43405
2689,8.454843,12.794442,-8.701301
2690,236.24406,150.15813,46.424995
2691,368.3859,186.0564,294.63156
2692,237.17224,314.1369,322.4271
2693,337.94385,350.081,358.27612
2694,146.32684,120.701454,113.113106
2695,303.8592,304.48685,346.20056
2696,162.16162,159.48524,336.82864
2697,218.17863,158.53735,128.23244
2698,7.436288,7.122674,20.146555
2699,98.585686,220.90076,320.78265
2700,55.993156,67.83132,79.209175
2701,115.34184,230.12274,284.3444
2702,233.58582,235.81808,261.0565
2703,303.93268,324.06525,354.69998
2704,230.69496,185.47823,151.81306
2705,28.969202,20.101221,18.757547
2706,28.083643,14.731713,14.648797
2707,14.6921015,23.870127,49.88331
2708,209.6071,284.23697,328.03082
2709,283.39926,398.0568,297.6682
2710,42.254692,247.78146,379.82074
2711,182.58806,138.04977,102.68377
2712,249.93385,56.0149,15.667443
2713,184.7914,131.1045,93.8883
2714,424.5508,563.39636,607.83417
2715,261.38416,288.76205,314.10275
2716,267.5341,313.89487,335.10602
2717,100.14353,139.67883,175.41586
2718,25.660059,38.89051,112.46077
2719,59.06304,74.1083,145.65346
2720,485.29117,303.68,231.93907
2721,110.05171,214.93013,315.7778
2722,454.5488,303.86197,175.3473
2723,274.13446,224.71794,188.5935
2724,306.9915,251.55603,201.62045
2725,116.31671,80.63189,65.8148
2726,406.56296,399.56595,397.88892
2727,137.97499,104.02961,74.87478
2728,51.56785,39.641823,37.962196
2729,433.66074,585.85504,563.1826
2730,18.267878,26.032465,28.700098
2731,110.58057,74.11491,28.37475
2732,22.500132,22.963953,27.795221
2733,173.51472,279.7825,33.701363
2734,380.17764,351.78238,406.68378
2735,203.83754,274.04047,283.6326
2736,21.144968,300.2224,419.49643
2737,175.01492,153.00629,124.54976
2738,12.076531,56.601173,253.98721
2739,344.49536,393.80185,384.04544
2740,317.49707,357.9162,408.09793
2741,333.0323,238.9414,152.42831
2742,722.9369,709.61786,516.9103
2743,30.708063,15.089974,17.667627
2744,274.0603,251.37947,238.3408
2745,371.78973,376.37787,280.79666
2746,54.00123,83.2777,135.14601
2747,324.86575,325.5665,326.15695
2748,308.55026,304.54544,346.2875
2749,370.75632,409.98834,519.3167
2750,359.63516,426.01804,601.53204
2751,63.26374,108.41318,175.54036
2752,408.2281,436.63065,355.66687
2753,284.71588,308.0812,314.8101
2754,635.98645,512.5882,320.6176
2755,398.8592,352.60797,470.15826
2756,78.89712,48.145393,59.370735
2757,28.723322,13.321755,15.051141
2758,47.311256,40.662376,51.511192
2759,14.529702,10.635293,17.194025
2760,388.5948,407.85275,399.73514
2761,226.79346,212.35245,150.73465
2762,40.308647,103.13241,187.94817
2763,166.13188,123.86875,84.70425
2764,55.635094,62.88363,114.20524
2765,406.4746,382.05655,378.56168
2766,220.54616,206.02782,191.08261
2767,317.27115,399.1268,398.27478
2768,445.26257,408.54184,356.60168
2769,212.50237,273.5437,275.49268
2770,414.20453,407.18762,387.91998
2771,37.915245,57.23385,99.82325
2772,302.4893,334.22574,393.07175
2773,309.44727,298.57315,313.10205
2774,5.5812006,15.864129,34.89422
2775,357.5066,347.17294,291.95026
2776,445.95438,275.5542,262.26932
2777,103.53649,73.6556,52.194527
2778,89.02355,170.82875,235.8925
2779,10.476495,280.68423,383.6089
2780,314.6964,302.8794,255.30698
2781,101.04348,136.25648,225.64001
2782,222.89899,210.1716,205.2661
2783,185.93219,256.32184,261.75302
2784,54.487022,22.5617,55.580345
2785,300.40964,341.8894,342.77228
2786,296.85242,301.7145,305.82117
2787,234.9855,306.65353,291.8007
2788,450.82883,607.23236,654.22156
2789,739.7752,749.75134,537.44464
2790,363.01407,364.3547,364.04956
2791,47.380867,69.71581,115.751625
2792,160.7454,114.34002,83.39236
2793,445.38553,346.55493,22.803858
2794,282.31113,280.72955,220.5425
2795,158.09663,272.60065,324.63095
2796,63.734642,43.259438,46.018166
2797,559.51984,612.1115,483.83878
2798,251.64879,351.48395,241.19414
2799,50.617104,74.568855,143.61409
2800,63.530037,43.081398,45.88201
2801,334.32837,327.73468,319.3419
2802,578.7274,460.00137,376.15698
2803,232.64818,286.5018,289.01358
2804,48.586372,37.278572,36.19837
2805,185.48871,156.2301,103.86346
2806,221.33937,280.64038,310.0726
2807,598.486,454.36765,295.32513
2808,84.19784,152.86864,276.7553
2809,384.2653,335.1582,283.98053
2810,413.04337,556.8476,614.78796
2811,138.37996,74.78127,50.39968
2812,250.151,197.95332,143.63254
2813,408.08926,426.66995,543.00836
2814,67.325905,156.78851,285.83725
2815,283.76495,298.8207,252.37718
2816,468.44785,645.6338,675.5562
2817,142.48546,167.83539,261.1129
2818,329.39386,384.27786,409.9619
2819,55.19265,74.98167,136.5696
2820,331.1847,508.2071,122.70838
2821,147.02147,117.24252,79.38604
2822,213.39296,309.2553,337.28003
2823,22.32673,20.965418,30.97906
2824,16.76623,-9.775565,3.8067868
2825,207.14355,253.53712,317.67993
2826,404.1569,382.93173,404.78348
2827,30.390085,59.786003,124.688896
2828,337.80658,351.314,294.4009
2829,246.9734,214.7618,195.79126
2830,56.897194,54.65705,81.48461
2831,248.95601,205.24379,180.42467
2832,415.42404,398.73178,402.62076
2833,-1.3239964,16.26362,257.0946
2834,359.7454,217.82285,122.89746
2835,290.42746,324.71936,345.4632
2836,704.6664,503.2429,303.68576
2837,213.42734,267.04202,302.5684
2838,445.30273,606.2411,638.6141
2839,455.81168,629.08044,674.3752
2840,470.83755,135.6293,137.84544
2841,231.99199,193.29077,159.40535
2842,274.12335,380.95367,180.08774
2843,232.19633,181.90843,133.10847
2844,103.948875,171.35919,220.23132
2845,397.0911,347.37726,281.9265
2846,40.67019,24.06524,18.3715
2847,113.937325,149.19278,196.1603
2848,189.70432,152.51598,121.82181
2849,45.875557,57.107506,113.67725
2850,12.293008,11.237832,29.258692
2851,453.46448,424.49417,514.0974
2852,419.65768,279.9636,173.83316
2853,414.30194,460.91385,652.1692
2854,274.33926,150.78128,32.538414
2855,43.048088,45.01217,64.4148
2856,172.34706,138.1354,111.243744
2857,272.28015,152.59567,33.73948
2858,251.62335,298.46973,292.70245
2859,291.15622,317.93964,342.69
2860,457.04044,400.6664,428.2829
2861,164.17467,108.351204,86.8921
2862,64.95112,135.13757,243.77753
2863,193.69795,139.97566,109.03494
2864,233.2166,169.93762,162.2292
2865,410.2812,405.19818,353.15994
2866,48.91929,34.662926,30.16662
2867,47.74192,55.06962,91.83163
2868,8.48684,12.816125,-8.611991
2869,343.84616,394.9131,432.3417
2870,29.48527,92.1881,218.08525
2871,297.26834,362.41678,379.9211
2872,260.28226,277.576,219.2121
2873,306.4372,244.16261,191.9793
2874,321.18472,330.60767,323.60794
2875,371.70276,401.63608,522.61725
2876,56.684273,64.00138,128.3787
2877,39.49299,74.34962,161.24666
2878,143.36911,167.75902,261.2768
2879,166.38527,127.26105,92.40525
2880,52.131233,74.1003,139.66113
2881,108.678055,173.76093,237.0326
2882,61.135796,42.216194,38.26275
2883,9.2833185,24.212778,62.649895
2884,308.8233,331.32904,432.13354
2885,54.852654,52.67109,74.780525
2886,15.185174,27.799402,53.760506
2887,39.72312,33.716774,27.177988
2888,544.5746,621.30396,461.7977
2889,227.4893,194.56339,166.10855
2890,369.40424,280.35883,238.77675
2891,426.74188,412.0614,393.60492
2892,350.7903,313.5352,312.46655
2893,460.9986,619.8746,638.10754
2894,79.11497,61.454216,61.649574
2895,223.80891,264.84836,321.97534
2896,331.03506,361.6564,387.67682
2897,47.607903,27.836145,26.93078
2898,351.56476,347.562,344.5913
2899,440.18094,420.44055,440.8292
2900,212.45096,278.2252,296.74728
2901,267.96637,226.24403,217.0133
2902,74.22521,147.7791,255.20882
2903,83.49044,47.52787,38.882393
2904,35.628426,63.857826,121.75874
2905,39.25811,243.7783,381.40866
2906,336.19547,302.81387,244.11974
2907,201.87767,148.01791,115.84081
2908,127.49113,80.23177,65.61021
2909,264.20923,218.18124,213.58063
2910,33.071327,17.225046,24.636606
2911,414.0357,462.64764,423.9914
2912,39.810875,35.074333,28.976603
2913,18.28602,19.84263,16.277018
2914,231.73898,285.8222,324.2891
2915,382.08487,394.70218,425.4054
2916,192.95444,184.83202,166.01361
